player_id,player_name,team_code,pj_date
10469,박경수,12001,2023-04-01
11353,구창모,11001,2023-04-01
11137,박민우,11001,2023-04-01
11222,하영민,10001,2023-04-01
10174,김재호,6002,2023-04-01
10643,김재환,6002,2023-04-01
10184,허경민,6002,2023-04-01
10892,구자욱,1001,2023-04-01
11410,김민우,7002,2023-04-01
11411,김범수,7002,2023-04-01
10008,김선빈,2002,2023-04-01
10475,오지환,5002,2023-04-01
10935,이천웅,5002,2023-04-01
11098,김인태,6002,2023-04-01
10266,전준우,3001,2023-04-01
10253,정훈,3001,2023-04-01
10235,장성우,12001,2023-04-01
11246,박대온,11001,2023-04-01
11310,박세웅,3001,2023-04-01
11489,김재윤,12001,2023-04-01
10075,진해수,5002,2023-04-01
10825,김원중,3001,2023-04-01
10156,정우람,7002,2023-04-01
10322,박석민,11001,2023-04-01
11119,한승택,2002,2023-04-01
10652,임찬규,5002,2023-04-01
12530,최충연,1001,2023-04-01
12572,박세진,12001,2023-04-01
10685,김대우,1001,2023-04-01
10909,임기영,2002,2023-04-01
10180,이원석,1001,2023-04-01
10344,최형우,2002,2023-04-01
10523,우규민,1001,2023-04-01
12850,박치국,6002,2023-04-01
12852,최원준,6002,2023-04-01
12858,김재웅,10001,2023-04-01
12905,김혜성,10001,2023-04-01
12906,이정후,10001,2023-04-01
12930,나균안,3001,2023-04-01
10527,이승현,1001,2023-04-01
11492,신성현,6002,2023-04-01
10170,최재훈,7002,2023-04-01
11394,배제성,12001,2023-04-01
13009,백승현,5002,2023-04-01
10407,황재균,12001,2023-04-01
10232,강민호,1001,2023-04-01
13056,신민재,5002,2023-04-01
10187,김현수,5002,2023-04-01
13061,곽빈,6002,2023-04-01
11291,구승민,3001,2023-04-01
10437,문성현,10001,2023-04-01
13071,정철원,6002,2023-04-01
13080,김시훈,11001,2023-04-01
13088,김영규,11001,2023-04-01
13091,안우진,10001,2023-04-01
13109,송찬의,5002,2023-04-01
13137,정은원,7002,2023-04-01
13145,한동희,3001,2023-04-01
13148,김도규,3001,2023-04-01
13151,이호연,3001,2023-04-01
13154,정보근,3001,2023-04-01
13168,강백호,12001,2023-04-01
11342,송민섭,12001,2023-04-01
10871,김태훈,10001,2023-04-01
11097,장승현,6002,2023-04-01
13242,홍정우,1001,2023-04-01
11233,이창진,2002,2023-04-01
10195,정수빈,6002,2023-04-01
12546,홍창기,5002,2023-04-01
12537,전상현,2002,2023-04-01
12943,조용호,12001,2023-04-01
11159,이형범,6002,2023-04-01
12548,김동엽,1001,2023-04-01
10312,이지영,10001,2023-04-01
13934,켈리,5002,2023-04-01
13940,요키시,10001,2023-04-01
14113,원태인,1001,2023-04-01
14121,이해승,1001,2023-04-01
14125,노시환,7002,2023-04-01
14126,유로결,7002,2023-04-01
14134,이정용,5002,2023-04-01
14136,정우영,5002,2023-04-01
14137,문보경,5002,2023-04-01
14155,송명기,11001,2023-04-01
14160,고승민,3001,2023-04-01
14169,신윤후,3001,2023-04-01
10238,김민성,5002,2023-04-01
11261,박찬호,2002,2023-04-01
11339,김민혁,12001,2023-04-01
11303,이준영,2002,2023-04-01
11306,황대인,2002,2023-04-01
11225,임지열,10001,2023-04-01
11099,이우성,2002,2023-04-01
10367,오승환,1001,2023-04-01
12562,이성규,1001,2023-04-01
11298,김호령,2002,2023-04-01
11168,임정호,11001,2023-04-01
10453,장시환,7002,2023-04-01
11413,지시완,3001,2023-04-01
12540,김규성,2002,2023-04-01
12587,박상언,7002,2023-04-01
12897,김진호,11001,2023-04-01
14588,김윤식,5002,2023-04-01
14600,소형준,12001,2023-04-01
14603,강현우,12001,2023-04-01
14608,정해영,2002,2023-04-01
14613,허윤동,1001,2023-04-01
14617,뷰캐넌,1001,2023-04-01
14618,김지찬,1001,2023-04-01
14621,한승주,7002,2023-04-01
11422,전병우,10001,2023-04-01
10014,안치홍,3001,2023-04-01
14642,황성빈,3001,2023-04-01
14669,유영찬,5002,2023-04-01
14674,김동혁,10001,2023-04-01
11415,주현상,7002,2023-04-01
14704,박정현,7002,2023-04-01
14708,강재민,7002,2023-04-01
11355,류진욱,11001,2023-04-01
12678,이승진,6002,2023-04-01
10894,류지혁,2002,2023-04-01
10696,홍건희,6002,2023-04-01
11268,노수광,7002,2023-04-01
12847,김명신,6002,2023-04-01
12524,조수행,6002,2023-04-01
12941,홍현빈,12001,2023-04-01
12560,도태훈,11001,2023-04-01
11255,강한울,1001,2023-04-01
12936,김성윤,1001,2023-04-01
10870,김재현,10001,2023-04-01
11135,윤형준,11001,2023-04-01
10400,오재일,1001,2023-04-01
11087,강승호,6002,2023-04-01
10035,이용규,10001,2023-04-01
13112,문성주,5002,2023-04-01
12549,김기연,5002,2023-04-01
14757,피렐라,1001,2023-04-01
14763,이용준,11001,2023-04-01
14765,김주원,11001,2023-04-01
14766,오태양,11001,2023-04-01
14771,안재석,6002,2023-04-01
14785,김휘집,10001,2023-04-01
14788,이의리,2002,2023-04-01
14798,이승현,1001,2023-04-01
12970,김민혁,6002,2023-04-01
12545,김주성,5002,2023-04-01
14846,송승기,5002,2023-04-01
12859,이병규,10001,2023-04-01
14869,김영현,12001,2023-04-01
10108,김강민,9002,2023-04-01
10126,김광현,9002,2023-04-01
10636,김성현,9002,2023-04-01
10784,서진용,9002,2023-04-01
10106,최정,9002,2023-04-01
10082,이재원,9002,2023-04-01
10815,한유섬,9002,2023-04-01
12922,박성한,9002,2023-04-01
13126,최민준,9002,2023-04-01
13195,최상민,9002,2023-04-01
11236,박민호,9002,2023-04-01
14581,오원석,9002,2023-04-01
14587,최지훈,9002,2023-04-01
14699,전의산,9002,2023-04-01
10249,오태곤,9002,2023-04-01
10182,최주환,9002,2023-04-01
14806,조형우,9002,2023-04-01
14888,추신수,9002,2023-04-01
11213,양석환,6002,2023-04-01
11094,함덕주,5002,2023-04-01
10217,이용찬,11001,2023-04-01
11318,엄상백,12001,2023-04-01
11376,송성문,10001,2023-04-01
10835,김준태,12001,2023-04-01
11397,오윤석,12001,2023-04-01
10855,서건창,5002,2023-04-01
12917,김석환,2002,2023-04-01
12585,김태연,7002,2023-04-01
13138,이원석,7002,2023-04-01
14196,윤산흠,7002,2023-04-01
13115,하준영,11001,2023-04-01
11299,문경찬,3001,2023-04-01
10804,박승욱,3001,2023-04-01
14220,서호철,11001,2023-04-01
10720,심창민,11001,2023-04-01
10261,손아섭,11001,2023-04-01
13082,오영수,11001,2023-04-01
10189,박건우,11001,2023-04-01
11190,박해민,5002,2023-04-01
11166,김진성,5002,2023-04-01
10203,노경은,9002,2023-04-01
14114,이학주,3001,2023-04-01
14996,소크라테스,2002,2023-04-01
15001,수아레즈,1001,2023-04-01
15003,플럿코,5002,2023-04-01
10470,박병호,12001,2023-04-01
11182,김준완,10001,2023-04-01
10659,고종욱,2002,2023-04-01
10124,고효준,9002,2023-04-01
15024,신헌민,9002,2023-04-01
15034,이재현,1001,2023-04-01
15045,이민석,3001,2023-04-01
15056,김도영,2002,2023-04-01
15057,최지민,2002,2023-04-01
15089,박영현,12001,2023-04-01
15099,이병헌,6002,2023-04-01
10459,김태군,1001,2023-04-01
14151,최경모,9002,2023-04-01
14117,이병헌,1001,2023-04-01
13164,공민규,1001,2023-04-01
15127,최지강,6002,2023-04-01
15141,유상빈,7002,2023-04-01
12589,김인환,7002,2023-04-01
11244,김태진,10001,2023-04-01
10707,김민식,9002,2023-04-01
13130,이채호,12001,2023-04-01
15143,벤자민,12001,2023-04-01
15144,알포드,12001,2023-04-01
14738,양찬열,6002,2023-04-01
15146,페냐,7002,2023-04-01
15152,렉스,3001,2023-04-01
14627,스트레일리,3001,2023-04-01
14176,김기훈,2002,2023-04-01
12894,이유찬,6002,2023-04-01
13167,김민,12001,2023-04-01
14124,변우혁,2002,2023-04-01
10812,한승혁,7002,2023-04-01
12567,주효상,2002,2023-04-01
11161,원종현,10001,2023-04-01
10427,김상수,3001,2023-04-01
12605,고봉재,6002,2023-04-01
10753,유강남,3001,2023-04-01
10557,오선진,7002,2023-04-01
10706,김대유,2002,2023-04-01
10320,김상수,12001,2023-04-01
10891,박세혁,11001,2023-04-01
11165,노진혁,3001,2023-04-01
10609,이태양,7002,2023-04-01
10165,양의지,6002,2023-04-01
11215,채은성,7002,2023-04-01
11336,김태훈,1001,2023-04-01
11329,안중열,11001,2023-04-01
14742,러셀,10001,2023-04-01
14571,안권수,3001,2023-04-01
13941,알칸타라,6002,2023-04-01
11284,조이현,12001,2023-04-01
10452,임창민,10001,2023-04-01
15253,김민석,3001,2023-04-01
11147,이상호,12001,2023-04-01
10119,이명기,7002,2023-04-01
15422,문현빈,7002,2023-04-01
15435,곽도규,2002,2023-04-01
15441,이진하,3001,2023-04-01
15444,이태연,3001,2023-04-01
15461,이로운,9002,2023-04-01
15462,송영진,9002,2023-04-01
15472,김건희,10001,2023-04-01
15473,김동헌,10001,2023-04-01
15476,이승원,10001,2023-04-01
15486,박명근,5002,2023-04-01
15496,이호성,1001,2023-04-01
15520,손민석,12001,2023-04-01
15523,류현인,12001,2023-04-01
15528,맥카티,9002,2023-04-01
15530,에레디아,9002,2023-04-01
15531,후라도,10001,2023-04-01
15532,오스틴,5002,2023-04-01
15533,앤더슨,2002,2023-04-01
15534,메디나,2002,2023-04-01
15535,페디,11001,2023-04-01
15537,마틴,11001,2023-04-01
15539,로하스,6002,2023-04-01
15540,스미스,7002,2023-04-01
15541,오그레디,7002,2023-04-01
12516,이형종,10001,2023-04-01
14145,백승건,9002,2023-04-01
14612,홍종표,2002,2023-04-01
13250,한석현,11001,2023-04-01
11153,김성욱,11001,2023-04-01
10882,변시원,10001,2023-04-01
10387,박동원,5002,2023-04-01
10058,양현종,2002,2023-04-05
11379,최원태,10001,2023-04-05
10363,백정현,1001,2023-04-05
10610,장민재,7002,2023-04-02
10851,최성훈,5002,2023-04-30
10480,정주현,5002,2023-04-06
12697,배재준,5002,2023-04-30
12885,문용익,1001,2023-04-16
10730,양현,10001,2023-04-09
13085,신민혁,11001,2023-04-05
11333,문상철,12001,2023-04-12
12931,김정율,3001,2023-05-01
11110,윤대경,7002,2023-04-09
14619,남지민,7002,2023-04-02
14624,최준용,3001,2023-04-21
11169,이상민,1001,2023-04-08
14716,김한별,11001,2023-04-08
11164,장현식,2002,2023-04-23
13169,최이준,3001,2023-04-21
11308,고영표,12001,2023-04-02
14769,김동주,6002,2023-04-06
14770,최승용,6002,2023-04-05
14792,김진욱,3001,2023-04-02
14808,김기중,7002,2023-04-08
14848,김준형,10001,2023-04-25
14849,김성진,10001,2023-04-05
10783,문승원,9002,2023-04-05
10131,박종훈,9002,2023-04-30
11206,이성곤,7002,2023-04-23
10533,정찬헌,10001,2023-04-29
11148,강진성,6002,2023-04-29
15011,반즈,3001,2023-04-05
15013,문동주,7002,2023-04-30
15035,김영웅,1001,2023-04-25
15040,조민성,1001,2023-04-25
15048,윤동희,3001,2023-04-23
15068,박찬혁,10001,2023-04-26
15119,조민석,11001,2023-04-30
13161,윤정빈,1001,2023-04-29
14172,송승환,6002,2023-04-08
12539,이진영,7002,2023-04-28
12583,장진혁,7002,2023-04-28
12871,박상원,7002,2023-04-18
10516,신정락,3001,2023-04-04
10885,윤명준,3001,2023-04-12
10863,한현희,3001,2023-04-07
13261,천재환,11001,2023-04-06
15421,김서현,7002,2023-04-19
15432,윤영철,2002,2023-04-15
15455,이준호,11001,2023-04-21
15463,김정민,9002,2023-04-29
15499,김재상,1001,2023-04-25
15509,김유성,6002,2023-04-27
11226,임병욱,10001,2023-04-05
14108,손동현,12001,2023-04-04
10795,임준섭,9002,2023-04-18
15542,슐서,12001,2023-04-05
11317,김민수,12001,2023-05-24
11323,주권,12001,2023-05-16
10535,최동환,5002,2023-05-11
10220,이재학,11001,2023-05-21
11172,권희동,11001,2023-05-04
10749,이우찬,5002,2023-05-25
13087,최보성,11001,2023-05-25
13092,김선기,10001,2023-05-31
13096,김수환,10001,2023-05-31
13157,양창섭,1001,2023-05-26
13160,이태훈,1001,2023-05-19
13240,김호재,1001,2023-05-27
13244,이재익,1001,2023-05-21
13245,이상규,5002,2023-05-20
11212,배정대,12001,2023-06-01
11070,박준표,2002,2023-05-26
14106,전용주,12001,2023-05-16
14111,이선우,12001,2023-05-02
14209,김건,7002,2023-05-30
11407,최정용,2002,2023-05-30
11260,박준태,10001,2023-05-12
14747,김재열,2002,2023-05-30
11414,이도윤,7002,2023-05-20
11198,박계범,6002,2023-05-09
13114,김유신,2002,2023-05-26
14863,김동진,1001,2023-05-25
14867,김현준,1001,2023-05-19
11242,이건욱,9002,2023-05-26
12613,안상현,9002,2023-05-16
14147,하재훈,9002,2023-05-24
12988,안주형,1001,2023-05-04
11300,박정수,6002,2023-05-05
13073,전민재,6002,2023-05-02
12541,신범수,2002,2023-05-14
11328,안승한,6002,2023-05-25
14170,김대한,6002,2023-05-31
13103,성동현,5002,2023-05-31
15047,진승현,3001,2023-05-23
15063,황동하,2002,2023-05-30
15073,이명종,10001,2023-05-10
11214,장준원,12001,2023-05-16
12526,이시원,12001,2023-05-02
13128,최준우,9002,2023-05-27
14661,박영빈,11001,2023-05-23
15492,송대현,5002,2023-05-28
15518,김정운,12001,2023-05-30
15536,와이드너,11001,2023-05-28
12565,최성영,11001,2023-05-14
14591,이주형,5002,2023-05-25
15643,산체스,7002,2023-05-11
15644,엘리아스,9002,2023-05-24
12568,이영하,6002,2023-06-03
12606,홍성호,6002,2023-06-08
12860,오석주,5002,2023-06-27
12903,김수윤,11001,2023-07-01
12907,고우석,5002,2023-06-04
13006,안치영,12001,2023-06-03
13104,이재원,5002,2023-06-08
11232,이인복,3001,2023-06-22
14143,이지강,5002,2023-06-21
14158,배민서,11001,2023-06-21
14214,김주형,10001,2023-06-21
10137,송은범,5002,2023-06-27
12503,김웅빈,10001,2023-06-27
14580,박주홍,10001,2023-06-23
14590,손호영,5002,2023-06-24
14695,신준우,10001,2023-06-09
14784,장재영,10001,2023-06-04
13122,윤중현,2002,2023-06-18
11344,김재성,1001,2023-06-03
14156,전사민,11001,2023-06-16
10684,허도환,5002,2023-06-03
13070,박신지,6002,2023-06-20
15014,박준영,7002,2023-06-27
13676,권광민,7002,2023-06-13
11162,나성범,2002,2023-06-23
14178,장유호,7002,2023-06-27
12944,김건국,2002,2023-06-29
10690,김강률,6002,2023-06-29
15423,이민준,7002,2023-06-20
15503,류승민,1001,2023-06-11
12637,김승현,2002,2023-06-22
13147,정성종,3001,2023-06-07
13113,한준수,2002,2023-06-25
14109,이상동,12001,2023-06-03
11311,심재민,3001,2023-06-22
13156,최지명,1001,2023-06-13
12534,최원준,2002,2023-06-13
12622,김찬형,9002,2023-06-18
14221,최정원,11001,2023-06-28
14796,손성빈,3001,2023-06-15
13942,쿠에바스,12001,2023-06-17
15153,브랜든,6002,2023-06-24
15646,맥키니,10001,2023-06-25
15647,윌리엄스,7002,2023-06-27
11404,장필준,1001,2023-07-08
10304,하준호,12001,2023-07-27
10913,하주석,7002,2023-07-11
12989,박승주,10001,2023-08-01
12898,김태현,11001,2023-07-08
14576,이종민,10001,2023-08-01
14595,정구범,11001,2023-07-29
14175,김태근,6002,2023-07-21
15067,주승우,10001,2023-07-29
14133,주성원,10001,2023-07-11
11321,정성곤,9002,2023-07-04
12916,이정훈,3001,2023-07-11
12522,박준영,6002,2023-07-07
15627,윤수녕,3001,2023-08-01
15648,산체스,2002,2023-07-21
15147,파노니,2002,2023-07-12
14187,최승민,5002,2023-07-28
15651,구드럼,3001,2023-07-21
12295,윌커슨,3001,2023-07-26
15652,도슨,10001,2023-07-22
11116,이충호,7002,2023-08-02
12932,김시현,1001,2023-09-01
13081,김형준,11001,2023-08-23
14181,오선우,2002,2023-08-23
14204,허관회,7002,2023-09-01
11276,최설우,3001,2023-08-10
11144,노건우,1001,2023-08-22
12699,김강현,3001,2023-09-01
10840,신본기,12001,2023-08-26
14764,한재승,11001,2023-09-01
14851,김시앙,10001,2023-08-10
14871,김규연,7002,2023-08-02
13191,서동민,9002,2023-09-01
11108,이흥련,9002,2023-08-20
15028,이기순,9002,2023-09-01
15071,윤석원,10001,2023-08-13
15132,박수종,10001,2023-09-01
11170,윤호솔,5002,2023-08-26
14877,조현진,11001,2023-09-01
15474,오상원,10001,2023-08-20
15501,강준서,1001,2023-08-26
12531,김주한,9002,2023-09-01
13268,김호준,6002,2023-08-27
15624,서동욱,3001,2023-09-01
15625,배영빈,3001,2023-08-20
13124,김정우,6002,2023-09-01
14707,최인호,7002,2023-08-18
14115,김도환,1001,2023-08-31
15653,태너,11001,2023-08-15
14736,박지훈,6002,2023-09-01
15084,최원영,5002,2023-07-23
10299,장원준,6002,2023-09-09
13155,장두성,3001,2023-09-28
11491,박소준,6002,2023-09-13
14615,황동재,1001,2023-09-19
14654,하준수,11001,2023-09-28
10810,최항,9002,2023-09-12
13194,이정범,9002,2023-09-26
12869,박정우,2002,2023-09-23
11347,안익훈,5002,2023-09-03
11360,이우석,11001,2023-09-28
13093,예진원,10001,2023-09-29
15039,김서준,1001,2023-09-07
14129,박윤철,7002,2023-09-23
15139,이상혁,7002,2023-10-01
13003,이민우,7002,2023-09-07
12655,류희운,7002,2023-09-23
12902,이재용,7002,2023-10-01
15443,정대선,3001,2023-09-22
15445,석상호,3001,2023-09-08
15451,박한결,11001,2023-09-23
15477,송재선,10001,2023-10-01
15484,김범석,5002,2023-09-30
15497,박권후,1001,2023-09-20
12532,김대현,5002,2023-09-23
10172,국해성,3001,2023-09-29
14577,김병휘,10001,2023-09-28
15645,김동혁,3001,2023-09-22
12934,최지광,1001,2023-09-09
14586,류효승,9002,2023-09-23
14132,조영건,10001,2023-09-15
14614,홍원표,1001,2023-09-26
10640,김헌곤,1001,2024-03-23
14163,박진,3001,2024-03-23
14211,박준형,10001,2024-03-27
12908,손주영,5002,2024-03-28
14807,고명준,9002,2024-03-23
13152,최하늘,1001,2024-03-23
12574,서의태,11001,2024-03-23
13228,한두솔,9002,2024-03-23
11229,김유영,5002,2024-03-23
14819,이주찬,3001,2024-03-23
13072,김민규,6002,2024-03-30
15860,코너,1001,2024-03-23
15861,레예스,1001,2024-03-23
14616,이승민,1001,2024-03-28
12995,로하스,12001,2024-03-23
14606,천성호,12001,2024-03-23
14805,조병현,9002,2024-03-23
14611,박민,2002,2024-03-23
14140,구본혁,5002,2024-03-23
11126,조상우,10001,2024-03-23
14480,김인범,10001,2024-03-29
14706,임종찬,7002,2024-03-23
15000,라모스,6002,2024-03-23
16013,김현종,5002,2024-03-23
16023,엔스,5002,2024-03-23
16027,원상현,12001,2024-03-23
16064,카스타노,11001,2024-03-23
16065,하트,11001,2024-03-23
16066,데이비슨,11001,2024-03-23
16087,크로우,2002,2024-03-23
16088,네일,2002,2024-03-23
16089,전미르,3001,2024-03-23
16106,레이예스,3001,2024-03-23
16107,황준서,7002,2024-03-30
16121,페라자,7002,2024-03-23
16122,전준표,10001,2024-03-23
16123,김윤하,10001,2024-03-23
16124,이재상,10001,2024-03-23
16125,손현기,10001,2024-03-23
16127,김연주,10001,2024-03-23
16128,고영우,10001,2024-03-23
16138,헤이수스,10001,2024-03-23
16141,더거,9002,2024-03-23
10590,류현진,7002,2024-03-23
13177,조대현,12001,2024-04-17
15097,김병준,12001,2024-04-09
11364,김사윤,2002,2024-04-11
15475,박윤성,10001,2024-04-28
15508,최준호,6002,2024-04-17
11387,채원후,11001,2024-04-30
14675,김수인,5002,2024-05-01
14651,이종준,5002,2024-04-10
15862,맥키넌,1001,2024-04-09
15864,육선엽,1001,2024-05-01
14797,나승엽,3001,2024-04-28
12918,김성민,10001,2024-04-13
13223,변상권,10001,2024-04-23
16028,육청명,12001,2024-04-12
16042,정준재,9002,2024-05-01
16067,김택연,6002,2024-04-09
16101,백두산,3001,2024-05-01
16110,황영묵,7002,2024-04-09
14816,우강훈,5002,2024-04-18
14116,양우현,1001,2024-05-30
12523,서예일,6002,2024-05-17
14733,최종인,6002,2024-05-31
10737,박시영,12001,2024-05-12
15450,신영우,11001,2024-05-25
11248,배재환,11001,2024-06-01
15036,김재혁,1001,2024-05-24
14776,한차현,12001,2024-05-02
14847,이믿음,5002,2024-05-31
16015,진우영,5002,2024-05-22
16017,정지헌,5002,2024-05-29
16043,정현승,9002,2024-05-29
16108,조동욱,7002,2024-05-12
14128,김도현,2002,2024-05-03
16146,앤더슨,9002,2024-05-10
15092,안현민,12001,2024-05-30
16148,시라카와,9002,2024-06-01
12854,양지율,10001,2024-06-20
14681,김동욱,10001,2024-06-20
14687,박시후,9002,2024-06-28
13102,김영준,5002,2024-06-11
14171,전루건,11001,2024-06-30
15519,정준영,12001,2024-06-21
14110,박민석,12001,2024-06-29
14135,이상영,5002,2024-06-16
14680,함창건,5002,2024-06-21
14597,박시원,11001,2024-06-14
15868,김호진,1001,2024-06-30
14667,성재헌,12001,2024-06-08
14737,오명진,6002,2024-06-30
14173,이교훈,6002,2024-06-25
14795,정우준,3001,2024-06-26
14781,김진수,5002,2024-06-05
14779,김건형,12001,2024-06-25
16016,김대원,5002,2024-06-11
16038,박지환,9002,2024-06-08
16072,전다민,6002,2024-06-28
16150,바리아,7002,2024-06-05
16151,알드레드,2002,2024-06-08
16153,와이스,7002,2024-06-25
11266,김민수,1001,2024-07-31
13271,현도훈,3001,2024-07-31
14570,장규빈,6002,2024-07-30
14794,송재영,3001,2024-07-31
16057,손주환,11001,2024-07-31
13665,권휘,6002,2024-07-31
16155,발라조빅,6002,2024-07-14
14142,임준형,5002,2024-07-16
11334,심우준,12001,2024-07-16
11373,김택형,9002,2024-07-17
14804,장지훈,9002,2024-07-17
16156,카디네스,1001,2024-07-19
16158,제러드,6002,2024-07-30
14131,윤정현,10001,2024-08-29
15452,신용석,11001,2024-08-29
15479,박성빈,10001,2024-08-24
14607,유지성,2002,2024-08-27
14222,김범준,11001,2024-09-01
13175,박주현,11001,2024-09-01
14153,채현우,9002,2024-09-01
15875,양도근,1001,2024-08-29
12900,소이현,11001,2024-09-01
16044,박성빈,9002,2024-08-24
16049,김민규,11001,2024-09-01
16053,임상현,11001,2024-08-03
16056,최우석,11001,2024-08-24
16068,여동건,6002,2024-09-01
16082,김민주,2002,2024-09-01
16083,김민재,2002,2024-09-01
16090,정현수,3001,2024-08-18
16136,원성준,10001,2024-08-11
14783,이영빈,5002,2024-08-11
16160,에르난데스,5002,2024-08-08
16161,라우어,2002,2024-08-11
16162,디아즈,1001,2024-08-17
16163,스타우트,2002,2024-09-01
12571,정동윤,9002,2024-09-13
12914,유승철,2002,2024-09-14
15058,윤도현,2002,2024-09-21
15515,박민준,6002,2024-09-28
14141,김성진,5002,2024-09-12
14659,한재환,11001,2024-09-20
14866,이창용,1001,2024-09-21
14811,장규현,7002,2024-09-03
14711,김승일,7002,2024-09-17
16041,최현석,9002,2024-09-25
16069,임종성,6002,2024-09-22
16071,박지호,6002,2024-09-28
16076,류현준,6002,2024-09-19
16086,김두현,2002,2024-09-28
16091,이호준,3001,2024-09-27
16092,박준우,3001,2024-09-07
16102,강승구,3001,2024-09-25
16133,박범준,10001,2024-09-03
16135,심휘윤,10001,2024-09-28
14690,이인한,3001,2024-09-13
14777,권동진,12001,2024-09-19
13162,김무신,1001,2024-09-24
15081,이주헌,5002,2024-09-25
11117,김종수,7002,2025-03-25
14870,최성민,12001,2025-03-22
15453,목지훈,11001,2025-03-27
15527,강건,12001,2025-03-22
14803,김건우,9002,2025-03-22
15086,문정빈,5002,2025-03-22
13094,추재현,6002,2025-03-30
14601,이강준,10001,2025-03-22
15004,푸이그,10001,2025-03-22
15046,조세진,3001,2025-03-28
15051,한태양,3001,2025-03-22
14593,김태경,11001,2025-03-22
14799,이재희,1001,2025-03-22
16239,배찬승,1001,2025-03-22
16252,박재현,2002,2025-03-22
16261,올러,2002,2025-03-22
16262,위즈덤,2002,2025-03-22
16273,데이비슨,3001,2025-03-22
16274,김영우,5002,2025-03-22
16286,치리노스,5002,2025-03-22
16289,홍민규,6002,2025-03-30
16298,콜어빈,6002,2025-03-22
16299,잭로그,6002,2025-03-22
16301,정우주,7002,2025-03-22
16302,권민규,7002,2025-03-22
16312,플로리얼,7002,2025-03-22
16313,폰세,7002,2025-03-22
16325,정현우,10001,2025-03-26
16328,어준서,10001,2025-03-25
16331,윤현,10001,2025-03-27
16332,전태현,10001,2025-03-22
16333,양현종,10001,2025-03-28
16339,로젠버그,10001,2025-03-22
16349,라일리,11001,2025-03-22
16350,로건,11001,2025-03-22
15111,이준혁,11001,2025-05-01
14191,강민성,12001,2025-04-29
14146,김창평,9002,2025-04-30
14605,윤준혁,12001,2025-04-19
16130,송지후,10001,2025-05-01
15113,김녹원,11001,2025-05-01
16240,심재훈,1001,2025-04-17
16264,박세현,3001,2025-05-01
16300,케이브,6002,2025-04-10
16324,화이트,9002,2025-04-17
16326,김서준,10001,2025-04-25
16385,손힘찬,10001,2025-05-01
16390,맥브룸,9002,2025-04-25
14177,홍원빈,2002,2025-05-30
14162,김현수,2002,2025-05-09
15030,김태윤,9002,2025-05-31
16040,박기호,9002,2025-05-27
16085,성영탁,2002,2025-05-20
16114,원종혁,7002,2025-05-27
15121,석정우,9002,2025-05-30
15032,전영준,9002,2025-05-20
14829,김정호,11001,2025-05-30
14122,박승규,1001,2025-05-23
16241,차승준,1001,2025-05-31
16281,김종운,5002,2025-05-23
16287,박준순,6002,2025-05-30
16288,최민석,6002,2025-05-21
16293,양재훈,6002,2025-05-15
16336,임진묵,10001,2025-05-25
16340,김태훈,11001,2025-05-14
16353,김재원,12001,2025-05-16
16363,김준상,6002,2025-05-28
16377,이태경,3001,2025-05-31
16384,이준우,10001,2025-05-02
16391,감보아,3001,2025-05-27
12928,윤성빈,3001,2025-06-13
15437,이도현,2002,2025-06-28
15483,서유신,10001,2025-06-27
14625,홍민기,3001,2025-06-11
15882,김대호,1001,2025-07-01
14657,장재혁,2002,2025-06-27
15100,김동준,6002,2025-06-03
14130,박주성,10001,2025-07-01
14855,이주형,10001,2025-06-28
16251,이호민,2002,2025-06-15
16270,한승현,3001,2025-06-05
16280,박시원,5002,2025-07-01
16330,박정훈,10001,2025-06-26
16393,스톤,10001,2025-06-12
16395,박찬형,3001,2025-06-18
16396,리베라토,7002,2025-06-20
16397,가라비토,1001,2025-06-26
16398,웰스,10001,2025-06-25
12937,이정현,12001,2025-08-01
16014,손용준,5002,2025-07-29
14838,박성재,6002,2025-07-27
16279,박관우,5002,2025-07-09
16291,이선우,6002,2025-07-26
16321,홍대인,9002,2025-08-01
16327,염승원,10001,2025-08-01
16334,권혁빈,10001,2025-07-09
16335,정세영,10001,2025-07-30
16401,패트릭,12001,2025-07-17
15485,김동규,10001,2025-08-20
14778,유준규,12001,2025-08-28
16329,여동욱,10001,2025-08-05
16352,박건우,12001,2025-08-26
16344,정현창,2002,2025-08-23
16402,스티븐슨,12001,2025-08-06
16403,메르세데스,10001,2025-08-09
16404,톨허스트,5002,2025-08-12
16405,벨라스케즈,3001,2025-08-13
