player_id,year,prev_fip,prev_era,prev_whip,prev_kbb,prev_ip_total
10058,2024,3.3748538011695906,3.5789473684210527,1.3391812865497077,2.7708333333333335,171.0
10058,2025,4.047955390334573,4.215613382899628,1.2825278810408922,3.1136363636363638,179.33333333333334
10058,2026,3.812418300653595,5.0588235294117645,1.4901960784313726,1.912280701754386,153.0
10075,2024,5.281818181818182,3.681818181818182,1.9090909090909092,1.2,14.666666666666666
10075,2025,4.943373493975904,6.1807228915662655,1.6626506024096388,2.2,27.666666666666664
10124,2024,3.807865168539326,4.3988764044943816,1.5842696629213482,1.4666666666666666,59.333333333333336
10124,2025,5.736363636363636,8.181818181818182,1.9545454545454546,1.35,22.0
10124,2026,5.766666666666667,6.857142857142857,2.0476190476190474,1.3571428571428572,21.0
10126,2024,3.8120622568093383,3.67704280155642,1.4066147859922178,1.643835616438356,171.33333333333334
10126,2025,4.473716632443532,4.9342915811088295,1.4476386036960984,2.1095890410958904,162.33333333333334
10126,2026,3.3818791946308724,4.89261744966443,1.4630872483221478,2.69811320754717,149.0
10131,2024,5.25,6.1875,1.7125,0.9333333333333333,80.0
10131,2025,5.557142857142857,6.942857142857143,1.6571428571428573,1.619047619047619,35.0
10131,2026,7.626315789473685,7.105263157894737,1.736842105263158,0.5555555555555556,19.0
10137,2024,4.463636363636364,2.4545454545454546,2.4545454545454546,0.6666666666666666,3.6666666666666665
10137,2025,4.31875,2.53125,1.40625,1.5,10.666666666666666
10137,2026,3.9333333333333336,4.5,2.0,0.6666666666666666,6.0
10156,2024,3.8438016528925623,5.355371900826446,1.537190082644628,1.7647058823529411,40.333333333333336
10156,2025,,,,,0.0
10203,2024,3.558823529411765,3.9176470588235293,1.388235294117647,1.8611111111111112,85.0
10203,2025,4.1039840637450204,2.9043824701195224,1.2310756972111556,2.21875,83.66666666666666
10203,2026,2.7175298804780876,2.1513944223107573,1.0756972111553786,2.6153846153846154,83.66666666666666
10217,2024,3.7029411764705884,4.5,1.2647058823529411,2.6363636363636362,68.0
10217,2025,3.8914110429447852,6.1288343558282214,1.8957055214723928,2.3333333333333335,54.33333333333333
10217,2026,4.469565217391304,10.565217391304348,2.282608695652174,1.1666666666666667,15.333333333333334
10220,2024,4.905309734513274,4.778761061946903,1.3672566371681416,1.2564102564102564,75.33333333333333
10220,2025,4.566453674121406,5.52076677316294,1.4376996805111821,2.3095238095238093,104.33333333333333
10299,2024,4.002439024390244,5.2682926829268295,1.5609756097560976,2.1818181818181817,41.0
10304,2024,4.484615384615385,4.153846153846154,1.8461538461538463,0.6,13.0
10304,2025,4.6,9.0,3.0,0.0,2.0
10363,2024,3.556953642384106,3.6655629139072845,1.2913907284768211,2.033333333333333,100.66666666666667
10363,2025,4.854237288135593,5.949152542372881,1.6652542372881356,2.074074074074074,78.66666666666667
10363,2026,2.234020618556701,1.9484536082474226,0.8041237113402061,4.428571428571429,32.333333333333336
10367,2024,4.280851063829788,3.446808510638298,1.148936170212766,2.933333333333333,62.666666666666664
10367,2025,4.681818181818182,4.909090909090909,1.690909090909091,2.3333333333333335,55.0
10367,2026,3.988888888888889,8.0,2.0,2.3333333333333335,9.0
10427,2024,3.176923076923077,3.1153846153846154,1.2692307692307692,1.7142857142857142,52.0
10427,2025,3.520814479638009,4.153846153846154,1.316742081447964,2.1538461538461537,73.66666666666666
10427,2026,4.5181818181818185,6.381818181818182,1.8,1.5,36.666666666666664
10437,2024,4.652941176470589,4.447058823529412,1.6235294117647059,1.05,28.333333333333332
10437,2025,4.456521739130435,6.57391304347826,2.0608695652173914,1.24,38.333333333333336
10452,2024,3.3142857142857145,2.507142857142857,1.4571428571428573,2.3529411764705883,46.666666666666664
10452,2025,3.676271186440678,4.11864406779661,1.6271186440677967,1.78125,59.0
10452,2026,8.792307692307693,4.846153846153846,1.8461538461538463,0.8571428571428571,13.0
10453,2024,3.907692307692308,3.3750000000000004,1.528846153846154,1.1428571428571428,34.666666666666664
10453,2025,4.57,5.130000000000001,1.6800000000000002,1.2727272727272727,33.33333333333333
10516,2024,4.1,4.655172413793103,1.4827586206896552,2.5454545454545454,29.0
10523,2024,3.0534883720930233,4.813953488372093,1.3953488372093024,5.6,43.0
10523,2025,1.8299270072992702,2.3649635036496353,1.1167883211678833,13.333333333333334,45.666666666666664
10523,2026,2.806766917293233,2.43609022556391,1.0827067669172934,8.0,44.33333333333333
10527,2024,3.533333333333333,3.6,1.3833333333333333,2.8,60.0
10527,2025,3.9571428571428573,4.714285714285714,1.5555555555555556,2.3043478260869565,63.0
10527,2026,5.272413793103448,6.051724137931035,1.4741379310344829,3.0,38.666666666666664
10533,2024,3.3916666666666666,4.75,1.1666666666666667,2.6923076923076925,72.0
10533,2025,5.475,7.875,1.8125,1.6666666666666667,16.0
10535,2024,3.6813953488372095,3.13953488372093,1.3953488372093024,1.1666666666666667,43.0
10535,2025,5.418181818181818,6.954545454545454,2.0,1.5555555555555556,22.0
10535,2026,6.8500000000000005,8.678571428571429,2.0892857142857144,0.75,18.666666666666664
10590,2025,3.005263157894737,3.8652631578947365,1.3578947368421053,4.090909090909091,158.33333333333334
10590,2026,3.2348314606741573,3.7617977528089885,1.2741573033707865,4.7407407407407405,148.33333333333334
10609,2024,3.199667774086379,3.2292358803986714,1.2059800664451827,3.4285714285714284,100.33333333333333
10609,2025,8.885714285714286,11.571428571428573,2.035714285714286,1.0,9.333333333333332
10609,2026,3.011764705882353,3.970588235294118,1.6764705882352944,1.6,11.333333333333332
10610,2024,4.54927536231884,4.826086956521739,1.463768115942029,2.772727272727273,69.0
10610,2025,3.548275862068966,3.103448275862069,1.8275862068965518,2.4285714285714284,29.0
10652,2024,3.6865168539325843,3.3977528089887636,1.3820224719101122,1.8771929824561404,148.33333333333334
10652,2025,3.0668141592920355,3.524336283185841,1.3407079646017699,3.2888888888888888,150.66666666666666
10652,2026,3.429938900203666,3.189409368635438,1.289205702647658,2.5348837209302326,163.66666666666666
10685,2024,4.021875,4.5,1.375,2.227272727272727,64.0
10685,2025,4.06116504854369,5.5048543689320395,1.4854368932038837,2.5555555555555554,34.33333333333333
10685,2026,3.1,0.0,1.5,,0.6666666666666666
10690,2024,3.9846153846153847,4.846153846153846,1.4230769230769231,1.6153846153846154,26.0
10690,2025,3.3045454545454547,2.8636363636363638,1.4545454545454546,1.5909090909090908,44.0
10690,2026,3.5864864864864865,1.4594594594594597,1.2162162162162162,1.125,12.333333333333332
10696,2024,3.3245989304812835,3.898395721925134,1.540106951871658,2.52,62.33333333333333
10696,2025,4.2933701657458565,2.685082872928177,1.4585635359116023,1.393939393939394,60.33333333333333
10696,2026,5.6625,6.1875,2.0625,1.0,16.0
10706,2024,3.5054054054054054,5.108108108108109,1.3783783783783785,2.5,24.666666666666664
10706,2025,4.54,8.28,1.88,2.1666666666666665,25.0
10706,2026,5.38,9.719999999999999,1.92,0.75,8.333333333333334
10720,2024,4.6,2.6999999999999997,2.1,1.0,3.3333333333333335
10730,2024,4.784210526315789,5.052631578947368,1.8245614035087718,0.7619047619047619,57.0
10730,2025,6.715384615384616,7.615384615384617,2.0000000000000004,2.0,12.999999999999998
10730,2026,5.2,0.0,1.5000000000000002,0.3333333333333333,3.333333333333333
10737,2025,4.16578947368421,4.618421052631579,1.3421052631578947,3.2857142857142856,25.333333333333332
10737,2026,4.054545454545455,11.045454545454547,2.4545454545454546,1.1111111111111112,7.333333333333333
10749,2024,3.306896551724138,3.9568965517241383,1.4482758620689655,1.631578947368421,38.666666666666664
10749,2025,4.703960396039604,8.821782178217822,2.1386138613861387,1.0333333333333334,33.666666666666664
10749,2026,3.205263157894737,1.894736842105263,1.4210526315789473,1.4285714285714286,19.0
10783,2024,4.358358662613982,5.2522796352583585,1.6231003039513676,1.9189189189189189,109.66666666666667
10783,2025,4.7,4.5,1.5166666666666666,2.2083333333333335,60.0
10783,2026,4.973846153846154,4.984615384615385,1.3846153846153846,1.564102564102564,108.33333333333333
10784,2024,3.8901785714285717,2.53125,1.5535714285714284,1.3,74.66666666666667
10784,2025,4.525531914893617,5.553191489361702,1.6595744680851063,1.4615384615384615,47.0
10784,2026,9.85,6.75,3.0,0.0,1.3333333333333333
10795,2024,3.6510204081632653,5.7857142857142865,1.9285714285714286,1.368421052631579,32.666666666666664
10795,2025,5.482352941176471,7.941176470588236,2.0294117647058827,0.2727272727272727,11.333333333333332
10812,2024,4.36605504587156,6.440366972477063,1.8990825688073394,1.3333333333333333,36.333333333333336
10812,2025,3.2914893617021277,5.026595744680852,1.6117021276595744,1.6842105263157894,62.666666666666664
10812,2026,3.5285714285714285,2.6600985221674875,1.2266009852216748,2.25,67.66666666666667
10825,2024,2.1104712041884817,2.9685863874345553,1.1937172774869111,3.28,63.666666666666664
10825,2025,3.242105263157895,3.5526315789473686,1.4210526315789476,2.193548387096774,63.33333333333333
10825,2026,3.3142857142857145,2.6703296703296706,1.5,2.090909090909091,60.666666666666664
10851,2024,2.7666666666666666,15.0,2.6666666666666665,2.0,3.0
10851,2025,4.638461538461539,6.923076923076923,1.7692307692307692,1.1111111111111112,13.0
10851,2026,4.1,9.0,2.0,1.0,1.0
10863,2024,4.321153846153846,5.451923076923077,1.6057692307692308,1.6818181818181819,104.0
10863,2025,3.4013100436681225,5.187772925764192,1.519650655021834,2.9166666666666665,76.33333333333333
10863,2026,4.946153846153846,6.230769230769231,1.7307692307692308,4.0,8.666666666666666
10871,2024,5.515789473684211,7.105263157894737,1.8473684210526318,0.9302325581395349,63.33333333333333
10871,2025,4.6000000000000005,4.395348837209303,1.3255813953488373,1.9090909090909092,57.33333333333333
10871,2026,3.7553398058252427,4.718446601941747,1.4126213592233008,2.7857142857142856,68.66666666666667
10882,2024,12.100000000000001,42.42857142857143,4.2857142857142865,0.5,2.333333333333333
10885,2024,6.203448275862069,6.517241379310345,2.1206896551724137,1.1,19.333333333333332
10909,2024,3.35609756097561,2.9634146341463414,0.9146341463414634,3.0,82.0
10909,2025,4.917518248175183,6.306569343065694,1.708029197080292,2.1176470588235294,45.666666666666664
10909,2026,6.211111111111111,13.0,3.0,1.25,9.0
11070,2024,4.5285714285714285,4.5,1.3214285714285714,1.4444444444444444,28.0
11070,2025,3.2666666666666666,6.0,2.1666666666666665,1.3333333333333333,6.0
11094,2024,2.269491525423729,1.6779661016949152,0.9661016949152542,2.909090909090909,59.0
11094,2025,6.561538461538461,5.538461538461538,1.6923076923076923,1.125,13.0
11094,2026,3.6517241379310343,5.586206896551724,1.1379310344827587,1.4210526315789473,29.0
11110,2024,4.211888111888112,2.4545454545454546,1.153846153846154,1.4736842105263157,47.666666666666664
11110,2025,5.317391304347826,10.56521739130435,2.0869565217391304,1.1666666666666667,7.666666666666666
11116,2024,6.2153846153846155,9.346153846153847,1.9615384615384617,1.4,8.666666666666666
11116,2025,4.385714285714286,3.8571428571428577,3.0000000000000004,1.0,2.333333333333333
11117,2026,4.018367346938776,3.719387755102041,1.469387755102041,1.564102564102564,65.33333333333333
11126,2025,3.4529411764705884,3.1764705882352944,1.512605042016807,1.8,39.666666666666664
11126,2026,3.7,3.9,1.5166666666666666,2.037037037037037,60.0
11144,2024,5.532432432432433,7.297297297297297,2.189189189189189,2.4,12.333333333333334
11159,2024,4.401204819277108,6.506024096385543,1.8795180722891567,1.0833333333333333,27.666666666666664
11159,2025,5.033333333333333,7.8,2.2,1.2857142857142858,15.0
11159,2026,3.4,11.7,2.6,1.2,10.0
11161,2024,4.171428571428572,5.785714285714286,1.5535714285714284,3.4,18.666666666666668
11161,2025,3.372727272727273,4.909090909090909,1.9090909090909092,1.3333333333333333,3.6666666666666665
11161,2026,3.8177914110429447,6.128834355828221,1.5828220858895705,2.2222222222222223,54.333333333333336
11164,2024,4.433333333333334,4.0588235294117645,1.6470588235294117,1.6923076923076923,51.0
11164,2025,3.8344398340248964,3.6970954356846475,1.4066390041493777,2.108108108108108,80.33333333333333
11164,2026,3.8350993377483444,4.470198675496689,1.748344370860927,1.8571428571428572,50.333333333333336
11166,2024,3.7728971962616824,2.1448598130841123,0.9672897196261683,2.5,71.33333333333333
11166,2025,4.6000000000000005,3.9913043478260875,1.2000000000000002,2.5384615384615383,76.66666666666666
11166,2026,3.5533333333333332,3.24,1.1733333333333333,2.64,75.0
11168,2024,2.9645161290322584,4.529032258064516,1.3548387096774195,2.7777777777777777,51.666666666666664
11168,2025,3.5,4.418181818181818,1.4363636363636363,1.84,55.0
11168,2026,5.0285714285714285,4.821428571428572,1.4464285714285716,1.6666666666666667,18.666666666666664
11169,2024,3.1555555555555554,8.5,1.9444444444444444,5.666666666666667,18.0
11169,2025,3.570588235294118,3.9705882352941178,1.1764705882352942,2.3333333333333335,34.0
11169,2026,1.1,0.0,2.0,,1.0
11170,2024,3.372727272727273,2.4545454545454546,1.6363636363636365,1.3333333333333333,3.6666666666666665
11170,2025,6.330769230769231,4.153846153846154,2.7692307692307696,0.625,4.333333333333333
11222,2024,3.577707006369427,4.643312101910828,1.7579617834394905,2.04,52.33333333333333
11222,2025,3.6055432372505543,4.370288248337029,1.5033259423503325,1.7413793103448276,150.33333333333334
11222,2026,3.256521739130435,4.989130434782608,1.3695652173913042,3.268292682926829,153.33333333333334
11229,2025,3.1205479452054794,4.068493150684931,1.3972602739726028,2.6875,48.666666666666664
11229,2026,3.5615384615384618,12.461538461538462,2.7692307692307696,1.25,4.333333333333333
11232,2024,4.2700000000000005,6.480000000000001,1.9200000000000004,1.5,33.33333333333333
11232,2025,7.00909090909091,9.545454545454545,1.878787878787879,1.5384615384615385,33.0
11236,2024,2.6,0.9,1.5,4.0,10.0
11236,2025,5.438235294117647,4.764705882352942,1.411764705882353,1.4285714285714286,22.666666666666664
11242,2024,3.4362068965517243,2.094827586206897,1.4482758620689655,1.24,38.666666666666664
11242,2025,7.1,11.368421052631579,2.5789473684210527,1.1333333333333333,19.0
11248,2025,7.371186440677967,7.322033898305084,1.7796610169491525,0.8666666666666667,19.666666666666668
11248,2026,3.895580110497238,4.475138121546962,1.408839779005525,1.3783783783783783,60.33333333333333
11276,2024,3.8,9.9,2.2,1.0,10.0
11284,2024,3.757142857142857,6.685714285714286,1.9142857142857144,2.8333333333333335,35.0
11284,2025,5.825,6.3,1.575,1.9,40.0
11284,2026,4.814285714285715,5.4,1.4571428571428573,,11.666666666666666
11291,2024,3.2099476439790577,3.9581151832460733,1.4764397905759163,2.2758620689655173,63.666666666666664
11291,2025,4.123121387283237,4.838150289017341,1.7861271676300579,1.7714285714285714,57.666666666666664
11291,2026,4.655555555555556,7.0,1.7777777777777777,1.4285714285714286,9.0
11299,2024,20.6,27.0,3.0,,2.0
11300,2024,3.4000000000000004,4.172727272727273,1.5,1.5555555555555556,36.666666666666664
11300,2025,3.706741573033708,5.157303370786518,1.6853932584269664,1.8333333333333333,29.666666666666664
11300,2026,3.3658227848101268,4.101265822784811,1.4810126582278482,1.875,26.333333333333332
11303,2024,3.367326732673267,3.207920792079208,1.4554455445544556,1.3043478260869565,33.666666666666664
11303,2025,4.448623853211009,3.71559633027523,1.5137614678899085,1.9444444444444444,36.33333333333333
11303,2026,4.364705882352942,4.764705882352941,1.3823529411764706,3.090909090909091,34.0
11308,2024,2.612237762237762,2.8321678321678325,1.153846153846154,5.681818181818182,190.66666666666666
11308,2025,2.6896656534954406,4.759878419452887,1.4863221884498479,5.6,109.66666666666667
11308,2026,2.553416149068323,3.298136645962733,1.2422360248447204,5.133333333333334,161.0
11310,2024,3.2493506493506494,3.448051948051948,1.3246753246753247,2.1864406779661016,154.0
11310,2025,3.6134615384615385,4.776923076923077,1.4076923076923076,2.2142857142857144,173.33333333333334
11310,2026,3.380082987551867,4.929460580912863,1.4751037344398341,2.888888888888889,160.66666666666666
11311,2024,3.5615384615384618,3.7762237762237763,1.5734265734265735,1.6111111111111112,47.666666666666664
11311,2026,2.7666666666666666,3.0000000000000004,2.0000000000000004,2.0,2.9999999999999996
11317,2024,4.638461538461539,6.923076923076923,1.6923076923076923,0.8,13.0
11317,2025,3.6928853754940714,5.122529644268775,1.4347826086956523,2.2941176470588234,84.33333333333333
11317,2026,3.821518987341772,4.955696202531646,1.4810126582278482,2.4,52.666666666666664
11318,2024,3.1683760683760687,3.769230769230769,1.170940170940171,2.757575757575758,117.0
11318,2025,3.9852459016393444,5.034836065573771,1.3401639344262295,3.7045454545454546,162.66666666666666
11318,2026,4.907377049180328,6.75,1.7950819672131149,1.9487179487179487,81.33333333333333
11321,2024,12.561538461538461,10.384615384615385,3.4615384615384617,0.42857142857142855,4.333333333333333
11323,2024,4.855102040816327,5.326530612244898,1.5510204081632653,0.9473684210526315,49.0
11323,2025,4.167796610169492,6.559322033898305,1.5593220338983051,2.6666666666666665,59.0
11323,2026,4.083606557377049,4.426229508196721,1.5,1.4615384615384615,40.666666666666664
11353,2024,2.867741935483871,2.9612903225806453,1.0451612903225806,3.5,51.666666666666664
11353,2026,2.7557377049180327,2.2131147540983607,1.0819672131147542,7.0,20.333333333333332
11355,2024,2.9947368421052634,2.1315789473684212,1.131578947368421,1.7837837837837838,76.0
11355,2025,3.926771653543307,5.740157480314961,1.6771653543307088,1.9473684210526316,42.33333333333333
11355,2026,3.827272727272727,3.272727272727273,1.1818181818181819,2.0357142857142856,66.0
11360,2024,7.6,0.0,1.5,0.0,0.6666666666666666
11364,2025,3.883783783783784,4.621621621621622,1.7567567567567568,1.44,37.0
11373,2025,7.242857142857144,9.0,2.2857142857142856,0.16666666666666666,7.0
11373,2026,3.1,2.661971830985916,1.267605633802817,1.5,23.666666666666664
11379,2024,3.572972972972973,4.5608108108108105,1.3581081081081081,2.36,148.0
11379,2025,3.931234256926952,4.556675062972292,1.4811083123425692,1.896551724137931,132.33333333333334
11379,2026,3.8393364928909954,4.606635071090047,1.3862559241706163,2.1964285714285716,140.66666666666666
11387,2024,5.5,8.100000000000001,2.4000000000000004,0.5,3.333333333333333
11387,2025,4.766666666666667,12.0,3.0,0.6666666666666666,3.0
11394,2024,4.331738035264483,4.624685138539043,1.7229219143576826,0.9753086419753086,132.33333333333334
11394,2026,3.5814814814814815,5.666666666666667,1.8148148148148149,2.090909090909091,27.0
11404,2024,5.1689655172413795,7.913793103448277,2.0689655172413794,0.9166666666666666,19.333333333333332
11404,2025,3.1,135.0,15.0,,0.3333333333333333
11410,2024,4.570967741935484,6.967741935483871,1.8,1.5357142857142858,51.666666666666664
11410,2025,4.559459459459459,2.189189189189189,1.054054054054054,2.1666666666666665,12.333333333333334
11411,2024,3.6454545454545455,4.18716577540107,1.556149732620321,1.5757575757575757,62.33333333333333
11411,2025,6.835294117647059,5.294117647058823,1.5588235294117647,1.9,34.0
11411,2026,2.944155844155844,2.103896103896104,1.168831168831169,1.6538461538461537,51.33333333333333
11415,2024,2.781564245810056,1.9608938547486034,0.8379888268156425,3.0,59.666666666666664
11415,2025,3.282242990654206,2.649532710280374,0.8411214953271029,8.0,71.33333333333333
11415,2026,4.385714285714286,4.628571428571429,1.542857142857143,3.3333333333333335,46.666666666666664
11489,2024,2.7179245283018867,3.0566037735849054,1.0471698113207546,4.133333333333334,70.66666666666667
11489,2025,5.081132075471698,3.9481132075471694,1.2594339622641508,2.037037037037037,70.66666666666667
11489,2026,4.455329949238578,5.071065989847716,1.1725888324873095,4.076923076923077,65.66666666666667
11491,2025,10.1,11.25,2.0,1.0,4.0
12295,2024,2.309205020920502,2.2594142259414225,1.0920502092050208,4.05,79.66666666666667
12295,2025,3.0033898305084747,3.8440677966101697,1.2050847457627119,6.185185185185185,196.66666666666666
12530,2024,7.814285714285715,4.821428571428572,1.8214285714285716,1.1428571428571428,9.333333333333332
12530,2026,13.3,37.800000000000004,5.4,0.5,1.6666666666666665
12531,2024,,,,0.0,0.0
12532,2024,7.0,10.799999999999999,3.0,1.5,3.3333333333333335
12532,2025,5.155555555555555,5.25,1.4722222222222223,1.6,36.0
12537,2024,2.9465909090909093,2.147727272727273,1.2954545454545454,1.9230769230769231,58.666666666666664
12537,2025,3.7206896551724142,4.256157635467981,1.1527093596059115,2.6666666666666665,67.66666666666666
12537,2026,3.2714285714285714,3.342857142857143,1.2,2.5,70.0
12565,2024,4.470192307692308,4.673076923076923,1.6153846153846154,1.2424242424242424,69.33333333333333
12565,2025,4.9,5.785714285714286,1.7571428571428573,1.7058823529411764,46.666666666666664
12565,2026,5.113986013986015,6.230769230769231,1.8881118881118881,1.1785714285714286,47.666666666666664
12568,2024,3.8933884297520662,5.355371900826447,1.5371900826446283,1.3636363636363635,40.33333333333333
12568,2025,3.7666666666666666,3.9545454545454546,1.5151515151515151,1.605263157894737,66.0
12568,2026,3.475,4.05,1.5299999999999998,1.8461538461538463,66.66666666666667
12571,2025,2.5,0.0,1.2000000000000002,2.0,1.6666666666666665
12571,2026,4.7153846153846155,8.307692307692308,1.903846153846154,1.4166666666666667,17.333333333333332
12572,2024,6.1,3.857142857142857,2.4857142857142858,0.7142857142857143,11.666666666666666
12572,2025,4.6,3.375,2.0625,0.5,5.333333333333333
12574,2025,6.1,9.391304347826086,1.6956521739130435,0.875,7.666666666666667
12605,2024,3.7176470588235295,6.352941176470589,1.6764705882352944,1.0,11.333333333333332
12637,2024,5.389473684210527,4.2631578947368425,1.6578947368421053,0.7,12.666666666666666
12637,2025,5.211111111111112,4.000000000000001,1.666666666666667,1.5714285714285714,17.999999999999996
12655,2024,5.8500000000000005,11.250000000000002,2.0000000000000004,2.0,3.9999999999999996
12678,2024,4.6,0.0,3.0,1.0,0.6666666666666666
12697,2024,6.1,18.0,3.0,0.0,1.0
12697,2026,3.5615384615384618,5.538461538461538,1.2307692307692308,2.0,13.0
12699,2024,5.1,3.0,1.0,0.0,3.0
12699,2025,4.363157894736842,3.5526315789473686,1.8157894736842106,1.3333333333333333,25.333333333333332
12699,2026,4.6,4.0,1.25,1.7142857142857142,72.0
12847,2024,2.9865546218487395,3.6302521008403366,1.2731092436974791,2.357142857142857,79.33333333333333
12847,2025,5.487755102040817,9.36734693877551,2.173469387755102,3.125,32.666666666666664
12847,2026,2.74,5.3999999999999995,1.92,2.0,8.333333333333334
12850,2024,3.2139240506329116,3.588607594936709,1.4240506329113924,2.2857142857142856,52.666666666666664
12850,2025,4.933333333333334,6.375,1.6041666666666667,1.9444444444444444,48.0
12850,2026,3.1160427807486633,3.754010695187166,1.2673796791443852,2.7142857142857144,62.33333333333333
12852,2024,3.889473684210526,4.931888544891641,1.3653250773993808,2.5357142857142856,107.66666666666667
12852,2025,5.241566265060241,6.424698795180722,1.4548192771084336,2.0,110.66666666666667
12852,2026,5.1934579439252335,4.710280373831775,1.3364485981308412,1.631578947368421,107.0
12854,2024,10.6,13.5,6.0,0.6666666666666666,0.6666666666666666
12854,2025,5.135714285714286,6.267857142857143,1.5535714285714288,0.5384615384615384,18.666666666666664
12854,2026,5.957142857142857,8.357142857142858,1.7857142857142858,1.4285714285714286,14.0
12858,2024,3.200558659217877,4.223463687150838,1.340782122905028,1.9166666666666667,59.666666666666664
12858,2025,4.114084507042254,3.422535211267606,1.5211267605633805,1.5833333333333333,23.666666666666664
12860,2024,4.4,6.3,1.5,3.6666666666666665,10.0
12860,2025,3.1588235294117646,11.117647058823529,2.2941176470588234,1.4545454545454546,17.0
12860,2026,3.974285714285714,3.7028571428571433,1.3885714285714288,1.5172413793103448,58.33333333333333
12871,2024,3.083783783783784,3.6486486486486487,1.491891891891892,1.9655172413793103,61.666666666666664
12871,2025,2.5300000000000002,4.59,1.1849999999999998,2.9545454545454546,66.66666666666667
12871,2026,3.1704225352112676,4.436619718309859,1.352112676056338,2.619047619047619,71.0
12885,2024,4.023076923076923,4.153846153846154,1.5384615384615385,1.0,13.0
12885,2025,6.511764705882353,12.176470588235293,2.6470588235294117,0.7727272727272727,17.0
12885,2026,4.286046511627907,3.1395348837209305,1.3953488372093024,1.631578947368421,28.666666666666664
12897,2024,2.242857142857143,2.7551020408163267,1.5306122448979593,2.2,16.333333333333332
12897,2025,3.1,7.714285714285715,2.1428571428571432,1.5,2.333333333333333
12897,2026,3.931818181818182,3.313636363636364,1.35,1.5434782608695652,73.33333333333333
12898,2024,6.198360655737705,4.426229508196721,1.4754098360655739,1.0769230769230769,20.333333333333332
12898,2025,8.5,7.2,2.1,0.42857142857142855,10.0
12898,2026,13.433333333333335,12.000000000000002,2.666666666666667,0.6666666666666666,2.9999999999999996
12900,2025,3.4000000000000004,13.500000000000002,2.1,1.0,3.333333333333333
12900,2026,4.975,5.625,1.5,0.42857142857142855,8.0
12907,2024,2.6862068965517243,4.096551724137932,1.3655172413793104,2.782608695652174,48.33333333333333
12908,2024,4.023076923076923,5.1923076923076925,2.076923076923077,0.8333333333333334,8.666666666666666
12908,2025,3.6063291139240508,3.7025316455696204,1.4050632911392404,2.280701754385965,158.0
12908,2026,2.973417721518987,3.3607594936708862,1.3101265822784811,2.74,158.0
12914,2024,6.1,0.0,1.0,0.0,1.0
12914,2025,5.7,5.4,2.0,0.5714285714285714,5.0
12914,2026,3.1,4.5,2.5,1.5,2.0
12918,2025,4.151094890510949,4.335766423357664,1.3576642335766425,2.0,45.666666666666664
12918,2026,3.74,4.68,1.52,1.3846153846153846,25.0
12928,2025,20.1,45.0,6.0,0.5,1.0
12928,2026,3.5074074074074075,7.666666666666667,1.7037037037037037,2.2,27.0
12930,2024,3.1153452685421996,3.797953964194373,1.3964194373401533,2.7142857142857144,130.33333333333334
12930,2025,5.675342465753425,8.506849315068493,2.2054794520547945,1.574468085106383,73.0
12930,2026,3.733495145631068,3.866504854368932,1.4053398058252426,2.32,137.33333333333334
12932,2024,12.433333333333334,12.0,2.6666666666666665,1.0,3.0
12934,2024,5.580769230769231,5.1923076923076925,1.5,2.0,17.333333333333332
12934,2025,3.1,2.229357798165138,1.1834862385321103,1.8095238095238095,36.33333333333333
12937,2026,4.484615384615385,16.615384615384617,3.0,0.75,4.333333333333333
12944,2024,2.725,6.75,1.375,2.25,16.0
12944,2025,5.051456310679612,7.864077669902914,1.805825242718447,1.4285714285714286,34.33333333333333
12944,2026,5.969565217391304,6.8478260869565215,1.6521739130434783,1.8235294117647058,46.0
12989,2024,5.044444444444444,3.5,1.7777777777777777,1.1538461538461537,18.0
12989,2025,4.657692307692308,6.750000000000001,1.4423076923076925,1.4444444444444444,17.333333333333332
13003,2024,4.709756097560976,2.6341463414634148,1.024390243902439,1.8333333333333333,13.666666666666666
13003,2025,3.754545454545455,3.7636363636363637,1.4363636363636363,2.130434782608696,55.0
13009,2024,3.628,1.512,1.2000000000000002,1.6,41.666666666666664
13009,2025,6.5137931034482754,9.310344827586206,2.1379310344827585,0.56,29.0
13009,2026,4.966666666666667,3.9,1.8666666666666667,0.9642857142857143,30.0
13061,2024,3.7106870229007636,3.1603053435114505,1.2290076335877862,1.8032786885245902,131.0
13061,2025,3.497233201581028,4.428853754940712,1.3339920948616601,1.9871794871794872,168.66666666666666
13061,2026,3.3378048780487806,4.198170731707317,1.253048780487805,2.6097560975609757,109.33333333333333
13070,2024,3.7153846153846155,5.538461538461538,1.9230769230769231,1.3636363636363635,26.0
13070,2025,5.176923076923077,2.076923076923077,1.8461538461538463,0.375,8.666666666666666
13070,2026,4.0,2.85,1.4,1.2413793103448276,60.0
13071,2024,4.327272727272727,3.9272727272727277,1.3636363636363638,1.71875,73.33333333333333
13071,2025,5.110309278350516,6.402061855670104,2.010309278350516,1.5,32.33333333333333
13071,2026,3.4714285714285715,4.242857142857143,1.4285714285714286,1.9642857142857142,70.0
13072,2024,3.3400000000000003,4.32,1.2000000000000002,1.25,8.333333333333332
13072,2025,5.9399999999999995,4.32,1.68,1.0,25.0
13072,2026,5.065517241379311,4.655172413793104,1.5517241379310345,1.0,9.666666666666666
13080,2024,3.9098159509202457,4.803680981595092,1.7300613496932518,1.4285714285714286,54.33333333333333
13080,2025,4.218012422360249,4.527950310559007,1.5745341614906834,1.2542372881355932,107.33333333333333
13080,2026,6.411688311688312,8.064935064935066,1.6753246753246755,1.8,25.666666666666664
13085,2024,3.5120481927710845,3.6433734939759033,1.1349397590361445,3.814814814814815,138.33333333333334
13085,2025,4.422314049586777,4.31404958677686,1.2892561983471074,4.625,121.0
13085,2026,4.683333333333334,4.7727272727272725,1.3181818181818181,3.230769230769231,132.0
13088,2024,3.420388349514563,3.0145631067961167,1.150485436893204,1.793103448275862,68.66666666666666
13088,2025,2.7715328467153286,3.153284671532847,1.1824817518248176,3.4285714285714284,45.666666666666664
13088,2026,3.588888888888889,2.8,1.3111111111111111,1.9473684210526316,45.0
13091,2024,2.111061946902655,2.3893805309734515,1.0553097345132745,4.315789473684211,150.66666666666666
13092,2024,3.3977099236641224,5.977099236641222,1.6259541984732826,1.9333333333333333,43.666666666666664
13092,2025,5.366375545851529,5.541484716157205,1.5851528384279476,1.4333333333333333,76.33333333333333
13092,2026,4.805128205128205,5.653846153846154,1.8333333333333333,0.9148936170212766,78.0
13102,2024,12.1,27.0,6.0,0.0,0.3333333333333333
13102,2025,5.121739130434783,8.217391304347826,1.956521739130435,1.2222222222222223,15.333333333333332
13103,2024,4.1,9.0,3.0,1.0,1.0
13103,2025,6.6,0.0,1.5,0.3333333333333333,2.0
13103,2026,7.655555555555555,9.0,2.111111111111111,0.6666666666666666,9.0
13114,2024,5.045054945054945,5.637362637362638,1.7472527472527473,0.631578947368421,30.333333333333332
13115,2024,3.3244897959183675,4.591836734693878,1.4489795918367347,2.5789473684210527,49.0
13115,2026,4.933333333333334,6.0,2.8333333333333335,0.7142857142857143,6.0
13122,2024,4.5285714285714285,3.857142857142857,1.3928571428571428,0.8,28.0
13122,2025,9.970967741935485,13.935483870967744,3.0000000000000004,0.4444444444444444,10.333333333333332
13122,2026,6.2935483870967746,4.35483870967742,1.6451612903225807,1.0,10.333333333333332
13124,2024,6.4,9.450000000000001,2.7,0.8571428571428571,6.666666666666666
13124,2025,3.1,81.0,9.0,,0.3333333333333333
13124,2026,3.7666666666666666,3.857142857142857,1.6666666666666667,1.4444444444444444,21.0
13126,2024,4.325806451612904,4.064516129032258,1.564516129032258,1.8571428571428572,62.0
13126,2025,5.871186440677967,7.779661016949153,2.161016949152543,1.6666666666666667,39.33333333333333
13126,2026,4.0,3.9150000000000005,1.4700000000000002,1.875,66.66666666666666
13130,2024,6.708108108108108,6.932432432432433,1.418918918918919,0.8888888888888888,24.666666666666664
13130,2025,6.8500000000000005,9.450000000000001,2.4000000000000004,1.6666666666666667,6.666666666666666
13130,2026,4.128571428571429,6.171428571428572,1.4571428571428573,1.6,11.666666666666666
13147,2024,4.827272727272727,5.318181818181818,1.6363636363636365,0.6666666666666666,22.0
13147,2026,8.67142857142857,3.8571428571428568,1.2857142857142856,,2.3333333333333335
13148,2024,3.1,4.55056179775281,1.4157303370786518,2.0,29.666666666666664
13148,2025,5.1,9.0,2.75,0.8333333333333334,4.0
13152,2024,8.626315789473685,19.894736842105264,3.0,0.6,6.333333333333333
13152,2025,4.2875,5.34375,1.3125,1.125,32.0
13156,2024,4.663157894736842,6.678947368421053,1.6736842105263157,2.0625,63.333333333333336
13156,2025,6.284615384615385,6.6461538461538465,1.8000000000000003,1.3333333333333333,21.666666666666664
13156,2026,4.444827586206896,5.275862068965517,1.6896551724137931,1.5,29.0
13157,2024,7.111627906976745,9.104651162790699,2.1279069767441863,0.75,28.666666666666664
13157,2026,3.1927835051546394,3.6185567010309274,1.3917525773195876,2.3684210526315788,64.66666666666667
13162,2025,5.061538461538461,6.230769230769231,1.8461538461538463,0.5555555555555556,8.666666666666666
13167,2024,4.466666666666667,7.5,2.033333333333333,1.4375,30.0
13167,2025,3.08744769874477,4.1799163179916325,1.4686192468619248,2.6,79.66666666666666
13167,2026,3.322772277227723,2.806930693069307,1.1584158415841586,3.611111111111111,67.33333333333333
13169,2024,4.341379310344828,6.827586206896552,2.0,0.9523809523809523,29.0
13169,2025,5.248648648648649,7.297297297297298,2.2702702702702706,1.0625,24.666666666666664
13175,2025,5.766666666666667,6.0,1.3333333333333333,4.0,3.0
13191,2024,10.1,0.0,3.0,0.3333333333333333,1.0
13228,2024,2.1,9.0,2.0,2.0,1.0
13228,2025,3.0325842696629213,5.0056179775280905,1.5674157303370788,2.193548387096774,59.33333333333333
13228,2026,3.5403669724770643,4.954128440366972,1.7889908256880733,1.4210526315789473,36.333333333333336
13242,2024,5.433333333333334,7.5,1.5833333333333333,1.0476190476190477,36.0
13242,2025,17.1,45.0,6.0,1.0,1.0
13244,2024,4.026829268292683,3.951219512195122,1.5365853658536586,1.5294117647058822,41.0
13244,2025,5.789655172413793,17.689655172413794,3.4137931034482762,1.5,9.666666666666666
13244,2026,2.708695652173913,2.347826086956522,1.565217391304348,2.0,7.666666666666666
13245,2024,3.491304347826087,2.347826086956522,1.565217391304348,1.2,7.666666666666666
13245,2025,4.85,5.625,1.6875,1.8,32.0
13245,2026,3.3222222222222224,8.0,2.2222222222222223,1.25,9.0
13268,2024,10.1,12.0,2.3333333333333335,0.5,3.0
13268,2025,4.075,8.775,1.9500000000000002,1.5,13.333333333333332
13268,2026,6.19375,6.75,1.96875,1.0,10.666666666666666
13271,2025,5.9,9.0,2.1,1.3333333333333333,10.0
13665,2025,2.988888888888889,11.0,2.4444444444444446,1.5714285714285714,9.0
13934,2024,3.0263157894736845,3.694736842105263,1.2421052631578948,3.1363636363636362,190.0
13934,2025,4.0325513196480935,4.513196480938416,1.3724340175953078,2.76,113.66666666666667
13940,2024,2.7802030456852793,4.385786802030457,1.4619289340101522,3.642857142857143,65.66666666666667
13940,2025,4.650847457627119,5.720338983050848,1.8050847457627122,1.6,39.33333333333333
13941,2024,3.0427083333333336,2.671875,1.0729166666666667,4.628571428571429,192.0
13941,2025,5.089637305699482,4.756476683937824,1.2435233160621764,1.5454545454545454,64.33333333333333
13941,2026,3.0090909090909093,3.272727272727273,1.115702479338843,9.2,121.0
13942,2024,2.682474226804124,2.7139175257731956,1.0670103092783505,3.857142857142857,129.33333333333334
13942,2025,3.6454545454545455,4.025454545454545,1.249090909090909,2.7049180327868854,183.33333333333334
13942,2026,5.001694915254237,5.4,1.5254237288135595,1.3043478260869565,98.33333333333333
14106,2024,3.1,4.35483870967742,1.1612903225806452,1.5,10.333333333333332
14106,2025,3.7,10.8,3.0000000000000004,1.3333333333333333,1.6666666666666665
14106,2026,3.026829268292683,3.951219512195122,1.829268292682927,1.5714285714285714,13.666666666666666
14108,2024,3.7047430830039527,3.2015810276679844,1.1264822134387353,2.142857142857143,84.33333333333333
14108,2025,4.448101265822785,4.784810126582279,1.4050632911392407,1.3636363636363635,52.666666666666664
14108,2026,3.1681818181818184,3.835227272727273,1.3295454545454546,4.583333333333333,58.666666666666664
14109,2024,3.273913043478261,3.717391304347826,1.4130434782608696,2.875,46.0
14109,2025,3.8422680412371135,5.56701030927835,1.7628865979381443,2.0,32.333333333333336
14109,2026,3.353846153846154,2.492307692307693,0.9230769230769231,3.7777777777777777,43.33333333333333
14111,2024,4.2785714285714285,4.339285714285714,1.5000000000000002,2.6666666666666665,37.33333333333333
14111,2025,3.5,5.4,1.4,1.0,10.0
14113,2024,3.72,3.24,1.2733333333333334,3.0,150.0
14113,2025,3.756429942418426,3.7312859884836853,1.2322456813819578,2.5918367346938775,173.66666666666666
14113,2026,3.7401446654611212,3.1735985533453888,1.0904159132007232,4.172413793103448,184.33333333333334
14128,2025,4.241025641025641,4.730769230769231,1.5384615384615385,1.9375,78.0
14128,2026,3.8978723404255318,4.8111702127659575,1.452127659574468,2.1515151515151514,125.33333333333333
14129,2024,14.8,21.6,3.0000000000000004,0.2,3.333333333333333
14130,2026,5.273076923076923,6.576923076923077,1.5192307692307692,1.625,52.0
14131,2024,5.433333333333334,1.5,1.8333333333333333,0.3333333333333333,6.0
14131,2025,4.433333333333334,9.0,2.0,0.5,3.0
14132,2024,2.056521739130435,0.0,0.9130434782608696,3.5,7.666666666666666
14132,2025,5.667796610169491,8.008474576271185,1.906779661016949,1.2916666666666667,39.333333333333336
14132,2026,5.3660944206008585,5.6781115879828326,1.5708154506437768,1.236842105263158,77.66666666666667
14134,2024,3.3426470588235295,3.9705882352941173,1.3897058823529411,2.5238095238095237,90.66666666666667
14134,2026,3.688785046728972,4.794392523364486,1.2897196261682244,2.25,35.666666666666664
14135,2024,4.554545454545455,3.272727272727273,1.8181818181818181,0.5,11.0
14135,2025,4.385714285714286,3.306122448979592,1.4081632653061225,1.0,16.333333333333332
14136,2024,2.725,4.725,1.55625,2.4705882352941178,53.333333333333336
14136,2025,3.1,4.808219178082192,1.8904109589041096,1.5,24.333333333333332
14136,2026,10.225,20.25,1.875,0.75,2.6666666666666665
14142,2025,3.978048780487805,6.585365853658537,1.4634146341463414,3.25,13.666666666666666
14142,2026,4.138461538461539,5.1923076923076925,2.076923076923077,0.8571428571428571,8.666666666666666
14143,2024,3.9823529411764707,3.9705882352941178,1.2941176470588236,1.3571428571428572,68.0
14143,2025,4.369938650306748,4.47239263803681,1.638036809815951,1.4285714285714286,54.33333333333333
14143,2026,4.0718309859154935,5.323943661971832,1.563380281690141,1.625,47.33333333333333
14145,2024,5.310526315789474,4.973684210526316,1.5263157894736843,1.7058823529411764,38.0
14145,2025,7.707142857142857,7.714285714285715,2.3571428571428577,0.5555555555555556,9.333333333333332
14155,2024,4.793251533742332,5.134969325153374,1.49079754601227,1.3529411764705883,108.66666666666666
14155,2025,4.1695652173913045,5.869565217391305,1.4869565217391305,1.8235294117647058,38.33333333333333
14156,2024,5.629411764705882,4.764705882352941,1.8235294117647058,0.42857142857142855,17.0
14156,2025,5.466197183098592,9.507042253521128,2.366197183098592,1.0,23.666666666666664
14156,2026,3.3015810276679844,4.16205533596838,1.4229249011857708,1.8235294117647058,84.33333333333333
14158,2024,2.8,6.750000000000001,1.8000000000000003,2.0,6.666666666666666
14158,2025,7.300000000000001,16.200000000000003,4.200000000000001,0.3333333333333333,1.6666666666666663
14162,2025,4.5,18.0,2.4,0.8,5.0
14162,2026,5.445454545454545,2.4545454545454546,1.6363636363636365,0.8461538461538461,18.333333333333332
14163,2024,9.1,9.0,2.8,0.2857142857142857,5.0
14163,2025,3.404054054054054,4.378378378378379,1.4391891891891893,3.1818181818181817,49.33333333333333
14163,2026,4.484615384615385,5.322115384615385,1.4134615384615385,2.272727272727273,69.33333333333333
14171,2025,7.864705882352942,22.235294117647058,4.235294117647059,0.0,5.666666666666667
14173,2025,5.651401869158878,7.317757009345795,1.7102803738317758,1.5,35.666666666666664
14173,2026,2.839130434782609,1.173913043478261,1.0434782608695652,1.75,7.666666666666666
14176,2024,4.982978723404256,4.595744680851064,2.0744680851063833,0.7027027027027027,31.333333333333332
14176,2025,4.472881355932204,5.033898305084747,1.6271186440677967,1.0625,19.666666666666664
14176,2026,3.172289156626506,3.2530120481927716,1.2650602409638556,2.7,27.666666666666664
14177,2026,9.100000000000001,27.000000000000004,3.6000000000000005,0.25,1.6666666666666665
14178,2024,6.1,18.0,3.0,0.0,2.0
14178,2025,3.6714285714285717,10.928571428571429,2.357142857142857,1.1,14.0
14196,2024,7.1,6.0,3.0,0.5,3.0
14196,2026,2.647169811320755,4.075471698113208,1.2452830188679247,3.6,17.666666666666664
14480,2025,5.563157894736842,5.3999999999999995,1.6736842105263157,0.8709677419354839,63.333333333333336
14576,2024,2.953658536585366,7.2439024390243905,2.048780487804878,1.6666666666666667,13.666666666666666
14576,2025,6.3290076335877865,7.625954198473283,1.786259541984733,0.9545454545454546,43.666666666666664
14581,2024,4.319178082191781,5.486301369863014,1.6027397260273972,1.2535211267605635,146.0
14581,2025,4.678082191780822,5.03013698630137,1.536986301369863,1.7230769230769232,121.66666666666667
14581,2026,3.5534005037783376,3.6725440806045335,1.3753148614609572,2.173076923076923,132.33333333333334
14588,2024,3.5979253112033196,4.033195020746888,1.4315352697095436,1.7307692307692308,80.33333333333333
14588,2025,3.4333333333333336,12.0,2.6666666666666665,1.0,3.0
14593,2026,8.463636363636363,10.636363636363637,2.4545454545454546,1.1111111111111112,11.0
14595,2024,8.073684210526316,7.815789473684212,2.210526315789474,0.5,12.666666666666664
14600,2024,4.372727272727273,11.454545454545455,2.272727272727273,1.3333333333333333,11.0
14600,2025,3.7486486486486488,2.9189189189189193,0.972972972972973,4.0,12.333333333333332
14600,2026,2.5502262443438917,3.2986425339366514,1.248868778280543,4.241379310344827,147.33333333333334
14601,2026,4.640540540540541,6.5675675675675675,1.8648648648648647,1.5294117647058822,24.666666666666668
14607,2025,6.1,7.7142857142857135,2.142857142857143,,2.3333333333333335
14607,2026,3.1,0.0,0.0,,1.0
14608,2024,3.8905405405405404,2.918918918918919,1.4797297297297296,1.5,49.333333333333336
14608,2025,3.9518518518518517,2.5,1.2222222222222223,3.3125,54.0
14608,2026,2.483783783783784,3.794594594594595,1.5081081081081082,4.0,61.666666666666664
14613,2024,4.975,10.125,2.625,0.6666666666666666,10.666666666666666
14614,2024,4.190909090909091,2.4545454545454546,1.090909090909091,0.5,3.6666666666666665
14614,2025,6.41578947368421,4.2631578947368425,1.5789473684210527,0.8333333333333334,6.333333333333333
14614,2026,5.1,4.5,2.5,0.5,2.0
14615,2024,5.847368421052632,7.105263157894736,1.9263157894736842,1.2857142857142858,31.666666666666668
14615,2025,3.6693430656934307,4.7299270072992705,1.4452554744525548,1.5,45.666666666666664
14615,2026,3.632258064516129,6.967741935483872,1.9838709677419357,1.5714285714285714,20.666666666666664
14616,2025,7.580263157894738,8.171052631578947,1.973684210526316,0.9285714285714286,50.666666666666664
14616,2026,3.6970149253731344,3.7611940298507465,1.3582089552238805,1.962962962962963,67.0
14617,2024,2.5840425531914892,2.5372340425531914,1.1542553191489362,3.2325581395348837,188.0
14619,2024,2.9141592920353983,6.451327433628319,1.7787610619469028,1.7692307692307692,37.666666666666664
14619,2025,3.1,0.0,1.0000000000000002,1.5,3.999999999999999
14621,2024,3.9632075471698114,3.9481132075471703,1.5849056603773588,1.7741935483870968,70.66666666666666
14621,2025,4.372727272727273,11.454545454545455,2.5,1.4,22.0
14624,2024,3.1,2.4545454545454546,1.4265734265734267,2.2222222222222223,47.666666666666664
14624,2025,5.130769230769231,5.4,1.9384615384615387,0.8571428571428571,21.666666666666664
14624,2026,2.8975460122699386,5.300613496932516,1.2147239263803682,3.875,54.33333333333333
14625,2025,2.827272727272727,12.272727272727273,2.4545454545454546,2.0,3.6666666666666665
14625,2026,1.69375,3.09375,1.09375,3.5454545454545454,32.0
14627,2024,3.7099585062240665,4.369294605809129,1.4813278008298756,1.8918918918918919,80.33333333333333
14651,2025,4.75,4.7250000000000005,1.725,1.75,26.666666666666664
14651,2026,2.5,0.0,0.6000000000000001,2.0,1.6666666666666665
14654,2024,7.1,0.0,2.0,0.5,1.0
14657,2025,5.35,0.0,2.25,0.0,1.3333333333333333
14657,2026,9.1,6.0,2.0,0.6666666666666666,3.0
14667,2025,3.75625,7.3125,1.9375,1.25,32.0
14669,2024,3.8162162162162163,3.2837837837837838,1.337837837837838,1.4878048780487805,74.0
14669,2025,2.9970588235294118,3.176470588235294,1.4852941176470589,2.393939393939394,68.0
14669,2026,2.9646616541353383,3.24812030075188,1.3533834586466167,2.1153846153846154,44.33333333333333
14674,2024,3.5830508474576273,7.322033898305084,1.7542372881355932,1.3333333333333333,39.333333333333336
14674,2025,7.7119402985074625,6.850746268656716,1.6567164179104479,0.9,22.333333333333332
14681,2025,4.044444444444444,5.0,1.0833333333333333,3.0,36.0
14687,2025,3.9181818181818184,6.75,1.7045454545454546,1.5714285714285714,14.666666666666666
14687,2026,4.713924050632912,3.588607594936709,1.4620253164556962,1.1666666666666667,52.666666666666664
14708,2024,3.976923076923077,6.43846153846154,1.2461538461538464,2.210526315789474,43.33333333333333
14708,2026,5.35,9.0,2.0,2.5,4.0
14711,2025,1.7666666666666668,3.0,1.3333333333333333,,3.0
14711,2026,9.1,23.625,2.25,1.0,2.6666666666666665
14733,2025,5.686206896551724,3.724137931034483,1.3448275862068966,1.6,9.666666666666666
14733,2026,2.5,5.4,2.4000000000000004,1.6666666666666667,1.6666666666666665
14747,2024,7.128571428571428,13.114285714285716,2.8285714285714287,0.6923076923076923,11.666666666666666
14747,2025,3.172815533980583,2.4902912621359223,1.2669902912621358,2.310344827586207,68.66666666666667
14747,2026,6.838461538461539,6.230769230769232,2.2153846153846155,1.0,21.666666666666664
14763,2024,4.728571428571429,4.5,1.5857142857142856,1.108695652173913,70.0
14763,2025,4.733663366336634,6.683168316831684,1.6633663366336635,1.8571428571428572,33.666666666666664
14764,2024,5.272413793103448,4.655172413793104,1.4482758620689655,2.0,9.666666666666666
14764,2025,3.5191176470588235,3.9705882352941173,1.4117647058823528,1.6296296296296295,45.333333333333336
14764,2026,5.74,6.480000000000001,2.1300000000000003,1.1290322580645162,33.33333333333333
14769,2024,3.7638297872340427,4.136170212765958,1.3787234042553191,1.6857142857142857,78.33333333333333
14769,2025,4.52,6.84,1.76,1.6666666666666667,50.0
14770,2024,3.5732142857142857,3.9375,1.3392857142857142,2.4411764705882355,112.0
14770,2025,4.773684210526316,5.115789473684211,1.4842105263157896,3.2857142857142856,31.666666666666664
14770,2026,3.7017191977077366,4.409742120343839,1.3495702005730659,1.9722222222222223,116.33333333333333
14776,2025,6.889473684210526,9.947368421052632,2.473684210526316,0.9444444444444444,19.0
14776,2026,5.5,16.200000000000003,3.6000000000000005,0.5,1.6666666666666665
14781,2025,6.025,6.750000000000001,1.5750000000000002,1.5,13.333333333333332
14781,2026,6.5,9.0,2.4,6.0,5.0
14784,2024,4.71860465116279,5.525581395348837,1.7999999999999998,1.0151515151515151,71.66666666666667
14788,2024,3.2443037974683544,3.9645569620253167,1.488607594936709,1.6774193548387097,131.66666666666666
14788,2025,7.075000000000001,5.4,2.325,1.0,13.333333333333332
14788,2026,5.2932773109243705,7.9411764705882355,1.8151260504201683,1.3548387096774193,39.666666666666664
14792,2024,4.9990825688073395,6.440366972477063,1.81651376146789,1.206896551724138,36.333333333333336
14792,2025,4.6000000000000005,5.31496062992126,1.5708661417322836,1.9772727272727273,84.66666666666666
14792,2026,7.9148148148148145,10.0,2.1481481481481484,1.5,27.0
14794,2025,5.86,10.8,1.6800000000000002,1.8,8.333333333333332
14794,2026,5.137037037037038,4.0,1.5925925925925926,1.1666666666666667,27.0
14795,2025,7.540000000000001,4.32,2.0400000000000005,0.7142857142857143,8.333333333333332
14795,2026,1.2999999999999998,5.4,1.8000000000000003,,3.333333333333333
14798,2024,5.2,4.984615384615386,1.6153846153846156,1.2758620689655173,43.33333333333333
14798,2025,4.075265017667845,4.293286219081272,1.4946996466431097,1.7906976744186047,94.33333333333333
14798,2026,4.28421052631579,5.417763157894737,1.6480263157894737,1.608695652173913,101.33333333333333
14799,2024,5.35,3.375,1.125,1.0,8.0
14799,2026,2.7666666666666666,3.0,1.3333333333333333,1.8,9.0
14803,2026,3.4317307692307693,3.8942307692307696,1.514423076923077,1.530612244897959,69.33333333333333
14804,2025,5.396875,6.75,1.828125,1.0,21.333333333333332
14805,2025,3.1684931506849314,3.5753424657534247,1.1369863013698631,3.096774193548387,73.0
14805,2026,2.566346153846154,1.6875000000000002,0.9086538461538463,4.05,69.33333333333333
14808,2024,3.934319526627219,4.633136094674557,1.5443786982248522,1.5862068965517242,56.33333333333333
14808,2025,4.9135593220338984,6.559322033898305,1.8644067796610169,1.4444444444444444,59.0
14808,2026,3.2363636363636363,3.0681818181818183,1.5,1.3333333333333333,14.666666666666666
14816,2024,3.4333333333333336,6.0,1.6666666666666667,1.25,6.0
14816,2025,3.442857142857143,3.085714285714286,1.6285714285714286,1.25,11.666666666666666
14816,2026,3.927586206896552,4.655172413793104,1.8620689655172415,0.8333333333333334,9.666666666666666
14846,2024,6.1,0.0,2.0,0.0,1.0
14846,2026,3.670135746606335,3.5429864253393664,1.3574660633484161,2.63265306122449,147.33333333333334
14847,2025,5.1,15.75,3.75,0.5,4.0
14848,2024,4.143478260869565,7.0434782608695645,1.3043478260869565,0.8333333333333334,7.666666666666667
14849,2024,4.461702127659574,3.6382978723404253,1.4680851063829787,1.52,47.0
14869,2024,4.385714285714286,5.4,1.542857142857143,1.6666666666666667,35.0
14869,2025,5.554545454545455,4.909090909090909,2.181818181818182,1.1428571428571428,7.333333333333333
14871,2024,2.5915254237288137,2.7457627118644066,1.3220338983050848,2.0,19.666666666666668
14871,2025,4.489830508474577,7.016949152542373,1.5932203389830508,1.4285714285714286,59.0
15001,2024,2.7203703703703703,3.9166666666666665,1.4907407407407407,2.75,108.0
15003,2024,2.7432432432432434,2.408108108108108,1.183783783783784,3.2580645161290325,123.33333333333333
15011,2024,2.8181996086105676,3.2759295499021523,1.3326810176125243,2.625,170.33333333333334
15011,2025,3.2991150442477877,3.345132743362832,1.2345132743362832,3.717391304347826,150.66666666666666
15011,2026,3.691240875912409,5.321167883211679,1.4014598540145986,2.235294117647059,45.666666666666664
15013,2024,3.2179775280898877,3.7162921348314604,1.3061797752808988,2.261904761904762,118.66666666666667
15013,2025,4.0341317365269465,5.173652694610778,1.6706586826347307,2.526315789473684,111.33333333333333
15013,2026,2.450125944584383,3.944584382871536,1.1863979848866497,4.138888888888889,132.33333333333334
15014,2024,5.407692307692308,18.692307692307693,2.307692307692308,0.875,4.333333333333333
15014,2026,5.5,3.6,1.8,0.5,5.0
15024,2024,4.35,6.0,2.0833333333333335,1.3333333333333333,12.0
15024,2025,14.766666666666666,18.0,3.3333333333333335,0.0,3.0
15028,2024,9.433333333333334,9.0,2.3333333333333335,0.75,3.0
15028,2025,5.489830508474577,3.661016949152543,1.7796610169491527,1.0434782608695652,19.666666666666664
15032,2026,3.6818181818181817,4.418181818181818,1.3636363636363635,2.111111111111111,55.0
15039,2024,4.92608695652174,7.043478260869565,1.956521739130435,0.3333333333333333,7.666666666666666
15045,2024,3.85,0.0,0.75,1.0,1.3333333333333333
15045,2025,5.487096774193549,7.258064516129032,2.032258064516129,0.8,31.0
15045,2026,5.115267175572519,5.255725190839695,1.8320610687022902,1.0892857142857142,87.33333333333333
15047,2024,3.9674698795180725,5.855421686746989,1.8072289156626506,1.5625,27.666666666666664
15047,2025,3.8894736842105266,8.526315789473685,1.8947368421052635,1.0,6.333333333333332
15057,2024,3.807865168539326,2.1235955056179776,1.1966292134831462,1.6923076923076923,59.33333333333333
15057,2025,4.707142857142857,5.014285714285714,1.8214285714285716,0.9024390243902439,46.666666666666664
15057,2026,5.7250000000000005,6.581250000000001,1.81875,0.7647058823529411,53.33333333333333
15063,2024,5.972340425531915,6.6063829787234045,1.7872340425531916,0.9047619047619048,31.333333333333332
15063,2025,4.389808917197453,4.385350318471337,1.4617834394904459,1.8863636363636365,104.66666666666667
15063,2026,3.660747663551402,5.299065420560748,1.3457943925233646,3.1,35.666666666666664
15067,2024,6.85,9.5625,2.5625,0.38095238095238093,16.0
15067,2025,3.4870967741935486,4.35483870967742,1.3161290322580645,2.388888888888889,51.666666666666664
15067,2026,4.736363636363636,2.4545454545454546,1.1818181818181819,2.0588235294117645,44.0
15071,2024,4.516666666666667,4.5,1.5416666666666667,1.0,24.0
15071,2025,6.446153846153846,11.423076923076923,2.1923076923076925,0.14285714285714285,17.333333333333332
15071,2026,3.6625,5.544642857142857,1.419642857142857,2.25,37.333333333333336
15073,2024,4.591228070175439,5.2105263157894735,1.5789473684210527,1.0833333333333333,57.0
15073,2025,8.463636363636363,8.181818181818182,2.272727272727273,0.8,11.0
15089,2024,2.611904761904762,2.6785714285714284,1.0952380952380953,3.36,84.0
15089,2025,3.593975903614458,3.253012048192771,1.0602409638554218,4.0,83.0
15089,2026,4.042028985507247,3.391304347826087,1.4782608695652173,2.264705882352941,69.0
15099,2024,4.34390243902439,4.609756097560976,1.7195121951219512,1.3181818181818181,27.333333333333332
15099,2025,3.5500000000000003,2.9700000000000006,1.4700000000000002,1.6285714285714286,66.66666666666666
15099,2026,5.023076923076923,6.230769230769232,1.6153846153846156,0.9,12.999999999999998
15111,2026,5.910810810810811,7.297297297297297,1.7027027027027026,1.5,37.0
15113,2026,5.914285714285715,6.557142857142857,1.7428571428571429,0.7872340425531915,70.0
15119,2024,3.4870967741935486,4.064516129032258,1.5161290322580645,2.0,31.0
15119,2026,8.023076923076923,6.923076923076923,1.7692307692307692,0.36363636363636365,13.0
15127,2024,4.554545454545455,5.318181818181818,1.6363636363636365,0.7,22.0
15127,2025,4.3,3.24,1.44,1.875,50.0
15127,2026,3.1612244897959183,6.336734693877552,1.653061224489796,2.923076923076923,32.666666666666664
15143,2024,3.0371428571428574,3.6514285714285712,1.2114285714285715,3.5531914893617023,175.0
15143,2025,4.381314168377823,4.490759753593429,1.2381930184804928,3.32,162.33333333333334
15146,2024,3.466541353383459,3.6033834586466162,1.1729323308270676,2.4915254237288136,177.33333333333334
15146,2025,5.242857142857143,6.267857142857142,1.6339285714285714,1.45,37.333333333333336
15147,2024,3.282186234817814,4.2631578947368425,1.3238866396761135,2.869565217391304,82.33333333333333
15153,2024,2.545859872611465,2.4936305732484074,1.0509554140127388,3.3333333333333335,104.66666666666667
15153,2025,2.06,3.12,1.1466666666666667,6.818181818181818,75.0
15421,2024,4.443283582089553,7.253731343283582,2.0149253731343286,1.1304347826086956,22.333333333333332
15421,2025,3.360869565217391,3.7565217391304353,1.6434782608695655,1.34375,38.33333333333333
15421,2026,3.8177033492822967,3.7464114832535884,1.3349282296650717,2.085714285714286,69.66666666666667
15432,2024,4.127173913043478,4.035326086956522,1.4021739130434783,1.5416666666666667,122.66666666666666
15432,2025,4.53265306122449,4.187755102040816,1.530612244897959,1.3488372093023255,81.66666666666667
15432,2026,4.220000000000001,5.58,1.64,1.4333333333333333,50.0
15435,2024,3.2714285714285714,8.485714285714286,2.0571428571428574,1.4,11.666666666666666
15435,2025,3.4016759776536314,3.3184357541899443,1.324022346368715,2.0,59.666666666666664
15435,2026,5.1,13.5,2.25,0.8333333333333334,4.0
15437,2026,4.561538461538461,6.923076923076923,1.9230769230769231,1.125,13.0
15441,2024,3.725,3.375,0.875,0.6666666666666666,8.0
15444,2024,8.747058823529413,15.882352941176473,3.705882352941177,0.4444444444444444,5.666666666666666
15445,2024,1.975,0.0,1.125,3.0,5.333333333333333
15450,2025,6.635714285714286,10.607142857142858,2.5714285714285716,0.4,9.333333333333332
15450,2026,5.611627906976745,7.5348837209302335,1.6744186046511629,1.1875,14.333333333333332
15453,2025,7.21111111111111,12.0,2.7777777777777777,0.3,9.0
15453,2026,5.06551724137931,6.051724137931035,1.896551724137931,1.0714285714285714,58.0
15455,2024,4.251515151515152,4.636363636363637,1.4242424242424243,1.5333333333333334,33.0
15455,2025,4.822972972972973,7.479729729729731,1.9662162162162165,1.6153846153846154,49.33333333333333
15461,2024,4.383236994219653,5.61849710982659,1.6647398843930636,1.793103448275862,57.666666666666664
15461,2025,4.867857142857143,5.946428571428571,1.9642857142857142,0.9534883720930233,56.0
15461,2026,3.9553719008264467,2.454545454545455,1.1404958677685952,2.3,80.66666666666666
15462,2024,4.283098591549296,5.704225352112677,1.6267605633802817,1.2258064516129032,47.33333333333333
15462,2025,4.6,5.798657718120806,1.6409395973154364,1.3137254901960784,99.33333333333333
15462,2026,5.3578947368421055,5.826315789473685,1.705263157894737,1.2903225806451613,63.33333333333333
15474,2024,3.966666666666667,6.6,1.8,0.7777777777777778,15.0
15475,2025,6.5285714285714285,5.7857142857142865,1.2321428571428572,1.5555555555555556,18.666666666666664
15475,2026,4.919354838709678,4.529032258064516,1.4322580645161291,2.1052631578947367,51.666666666666664
15485,2024,13.946153846153845,22.846153846153843,4.153846153846153,0.08333333333333333,4.333333333333334
15485,2025,21.1,54.0,9.0,0.0,0.3333333333333333
15485,2026,7.975,6.75,3.0,0.9090909090909091,8.0
15486,2024,4.190909090909091,5.084415584415585,1.5000000000000002,1.4285714285714286,51.33333333333333
15486,2025,6.5736842105263165,6.394736842105264,1.618421052631579,1.0833333333333333,25.333333333333332
15486,2026,4.447457627118644,5.033898305084747,1.3474576271186443,1.875,39.33333333333333
15496,2024,4.335294117647059,2.6470588235294117,1.2352941176470589,1.1,17.0
15496,2025,6.188888888888889,7.4,2.0444444444444443,1.0769230769230769,45.0
15496,2026,3.496825396825397,5.571428571428571,1.4603174603174602,2.53125,63.0
15497,2024,9.1,3.375,1.875,0.0,2.6666666666666665
15508,2025,4.717511520737327,5.101382488479263,1.3686635944700463,1.9333333333333333,72.33333333333333
15508,2026,6.6625,8.4375,1.6875,1.2222222222222223,16.0
15509,2024,10.994736842105263,9.947368421052632,2.8421052631578947,0.5,6.333333333333333
15509,2025,4.064285714285714,6.428571428571429,1.8571428571428572,1.2083333333333333,28.0
15509,2026,5.234615384615385,8.826923076923077,1.7884615384615385,1.5714285714285714,17.333333333333332
15518,2024,4.814285714285714,3.857142857142857,1.7142857142857142,0.5,7.0
15527,2024,2.05,1.35,1.05,2.6666666666666665,6.666666666666666
15527,2025,7.85,11.25,3.0,0.75,4.0
15527,2026,11.827272727272728,24.545454545454547,3.8181818181818183,0.14285714285714285,3.6666666666666665
15528,2024,3.3575757575757574,3.340909090909091,1.3106060606060606,2.5434782608695654,132.0
15531,2024,2.6644283121597097,2.6460980036297643,1.1161524500907443,3.5853658536585367,183.66666666666666
15531,2025,3.1262697022767076,3.357267950963222,1.1401050788091067,5.28125,190.33333333333334
15531,2026,3.4251908396946567,2.761832061068702,1.0946564885496182,3.8048780487804876,218.33333333333334
15533,2024,3.4544303797468356,3.759493670886076,1.2911392405063291,2.4615384615384617,79.0
15534,2024,4.703448275862069,6.051724137931035,1.603448275862069,1.2413793103448276,58.0
15535,2024,2.0051878354203936,1.9803220035778175,0.9445438282647585,6.138888888888889,186.33333333333334
15536,2024,3.2130434782608694,4.539130434782609,1.3217391304347825,2.475,115.0
15540,2024,1.6,6.75,1.125,,2.6666666666666665
15542,2024,4.106711409395974,5.617449664429531,1.6107382550335572,2.5,49.666666666666664
15643,2024,3.5365079365079364,3.7857142857142856,1.3015873015873016,3.5357142857142856,126.0
15643,2025,2.66875,4.21875,1.5187499999999998,2.6666666666666665,53.333333333333336
15644,2024,3.602392344497608,3.617224880382775,1.270334928229665,3.0,139.33333333333334
15644,2025,3.512398921832884,4.0754716981132075,1.261455525606469,3.466666666666667,123.66666666666667
15646,2024,5.796629213483147,6.52247191011236,1.6348314606741574,1.0833333333333333,59.33333333333333
15648,2024,3.3827225130890053,5.9371727748691105,1.4764397905759163,3.933333333333333,63.666666666666664
15653,2024,3.9869565217391303,3.8739130434782605,1.2521739130434781,2.6666666666666665,76.66666666666667
15860,2025,3.5812500000000003,3.43125,1.09375,3.95,160.0
15861,2025,3.4582995951417006,3.388663967611336,1.2388663967611337,3.757575757575758,164.66666666666666
15861,2026,3.72,4.14,1.26,2.9166666666666665,50.0
15864,2025,7.1,5.294117647058823,2.1176470588235294,0.6470588235294118,17.0
15864,2026,6.1000000000000005,5.337209302325582,1.6395348837209303,0.7916666666666666,28.666666666666664
15882,2025,7.35,11.25,2.25,0.5,4.0
15882,2026,5.290476190476191,5.142857142857143,1.9047619047619047,1.2666666666666666,21.0
16015,2025,4.7956521739130435,4.695652173913044,1.565217391304348,1.5,7.666666666666666
16017,2025,6.1,11.675675675675675,2.4324324324324325,1.0,12.333333333333334
16023,2025,3.396160877513711,4.195612431444241,1.29981718464351,3.107142857142857,182.33333333333334
16027,2025,3.9112244897959183,7.025510204081633,2.0816326530612246,1.903225806451613,65.33333333333333
16027,2026,5.187719298245614,5.2105263157894735,1.5964912280701755,1.2857142857142858,57.0
16028,2025,5.294029850746269,5.440298507462687,1.6119402985074627,1.0,44.666666666666664
16040,2026,5.141666666666667,3.0,1.4583333333333333,1.0833333333333333,24.0
16041,2025,33.1,54.0,12.0,0.3333333333333333,0.6666666666666666
16041,2026,6.61923076923077,6.230769230769231,1.5576923076923077,1.8333333333333333,17.333333333333332
16044,2025,1.3857142857142857,0.0,0.4285714285714286,,2.333333333333333
16049,2025,3.889473684210526,5.684210526315789,1.736842105263158,0.6666666666666666,6.333333333333333
16049,2026,4.814285714285715,7.714285714285715,1.9285714285714288,0.5,4.666666666666666
16053,2025,5.38099173553719,6.471074380165289,1.7107438016528924,0.9130434782608695,40.333333333333336
16053,2026,12.1,18.0,5.0,0.0,1.0
16056,2025,6.330769230769231,3.1153846153846154,1.5,1.3333333333333333,8.666666666666666
16056,2026,3.797674418604651,8.162790697674419,2.2325581395348837,1.6666666666666667,14.333333333333332
16057,2025,2.5545454545454547,9.81818181818182,1.090909090909091,2.0,3.666666666666666
16057,2026,4.0807692307692305,4.5,1.4038461538461537,1.85,52.0
16064,2025,3.458208955223881,4.352238805970149,1.2716417910447761,3.56,111.66666666666667
16065,2025,2.418471337579618,2.694267515923567,1.0318471337579618,4.7894736842105265,157.0
16067,2025,2.491089108910891,2.004950495049505,1.2475247524752475,2.5806451612903225,67.33333333333333
16067,2026,3.2959798994974876,3.5276381909547743,1.1758793969849246,2.5483870967741935,66.33333333333333
16071,2025,1.6,0.0,1.5,2.0,0.6666666666666666
16082,2025,2.1,9.0,4.0,2.0,1.0
16082,2026,3.7666666666666666,12.000000000000002,2.0000000000000004,1.0,2.9999999999999996
16083,2025,12.1,15.75,2.5,3.0,4.0
16083,2026,2.1,0.0,1.0,,2.0
16085,2026,3.1955414012738856,1.5477707006369428,0.9745222929936307,2.3076923076923075,52.33333333333333
16087,2025,2.5049586776859503,3.570247933884297,1.3140495867768593,3.5833333333333335,40.333333333333336
16088,2025,2.9625,2.53125,1.25625,4.081081081081081,160.0
16088,2026,2.4732251521298174,2.2454361054766734,1.0709939148073022,3.707317073170732,164.33333333333334
16089,2025,4.496039603960396,5.881188118811882,1.603960396039604,1.619047619047619,33.666666666666664
16090,2025,2.508450704225352,4.563380281690141,1.3521126760563382,2.0833333333333335,23.666666666666664
16090,2026,3.8552447552447555,3.9650349650349654,1.2587412587412588,1.8076923076923077,47.666666666666664
16092,2025,3.6,9.0,2.0,1.0,2.0
16092,2026,2.775675675675676,8.027027027027028,2.1891891891891895,1.8333333333333333,12.333333333333332
16107,2025,4.905555555555556,5.375,1.8194444444444444,1.3725490196078431,72.0
16107,2026,4.18,5.554285714285715,1.4742857142857144,1.9666666666666666,58.33333333333333
16108,2025,4.148780487804878,6.365853658536586,1.7317073170731707,2.2857142857142856,41.0
16108,2026,4.034426229508197,4.131147540983607,1.8032786885245902,1.4193548387096775,61.0
16114,2026,13.3,16.200000000000003,3.0000000000000004,0.5,1.6666666666666665
16122,2025,5.846987951807229,6.83132530120482,1.9879518072289157,0.9,27.666666666666664
16122,2026,5.70655737704918,8.852459016393443,2.557377049180328,0.7894736842105263,20.333333333333332
16123,2025,4.327848101265823,6.037974683544304,1.620253164556962,1.2285714285714286,79.0
16123,2026,5.781818181818181,6.136363636363637,1.7840909090909092,1.1818181818181819,88.0
16125,2025,5.332558139534884,7.534883720930233,1.744186046511628,1.125,14.333333333333334
16125,2026,12.766666666666666,15.0,3.3333333333333335,0.16666666666666666,3.0
16127,2025,5.653191489361703,6.6063829787234045,1.627659574468085,1.0588235294117647,31.333333333333332
16127,2026,5.983870967741936,6.619354838709678,1.7806451612903227,1.12,51.666666666666664
16133,2025,4.7875,13.5,2.0625,2.0,5.333333333333333
16138,2025,3.4618677042801558,3.67704280155642,1.254863813229572,4.045454545454546,171.33333333333334
16138,2026,3.240529531568228,3.959266802443992,1.3258655804480652,3.75,163.66666666666666
16141,2025,3.9823529411764707,12.705882352941176,2.0735294117647056,1.8,22.666666666666668
16146,2025,2.978962536023055,3.8904899135446684,1.3054755043227666,2.981132075471698,115.66666666666667
16146,2026,2.132442748091603,2.318702290076336,1.0076335877862597,4.75,174.66666666666666
16148,2025,4.582558139534884,5.651162790697675,1.6046511627906979,1.393939393939394,57.33333333333333
16150,2025,3.294244604316547,5.147482014388489,1.4244604316546763,4.611111111111111,92.66666666666667
16151,2025,3.0770992366412213,4.534351145038168,1.2595419847328244,3.0588235294117645,43.666666666666664
16153,2025,3.0454545454545454,3.7309090909090905,1.1563636363636363,3.3793103448275863,91.66666666666667
16153,2026,2.61114922813036,2.963979416809605,1.0497427101200685,3.7,194.33333333333334
16155,2025,2.657377049180328,3.9836065573770494,1.360655737704918,2.6785714285714284,61.0
16160,2025,2.8413793103448275,3.2586206896551726,1.1724137931034482,3.5,58.0
16160,2026,3.3575757575757574,4.2272727272727275,1.1666666666666667,3.0416666666666665,66.0
16161,2025,3.377310924369748,4.764705882352941,1.3109243697478992,3.75,39.666666666666664
16163,2025,3.1625,5.0625,1.375,4.0,16.0
16239,2026,3.7335403726708076,4.024844720496895,1.658385093167702,1.75,53.666666666666664
16251,2026,3.9863636363636363,8.590909090909092,2.0454545454545454,0.7777777777777778,14.666666666666666
16261,2026,2.4758389261744966,3.6241610738255035,1.1543624161073827,3.595744680851064,149.0
16264,2026,5.281818181818182,14.727272727272728,2.4545454545454546,4.0,3.6666666666666665
16273,2026,3.391891891891892,3.6486486486486487,1.3864864864864865,2.4791666666666665,123.33333333333333
16274,2026,3.2153846153846155,2.3736263736263736,1.3351648351648353,1.8064516129032258,60.666666666666664
16280,2026,14.35,13.5,3.75,0.0,1.3333333333333333
16281,2026,16.3,5.4,1.2000000000000002,,1.6666666666666665
16286,2026,2.5098360655737704,3.2459016393442623,1.169398907103825,3.8378378378378377,183.0
16288,2026,4.220171673819743,4.4034334763948495,1.3648068669527895,1.5588235294117647,77.66666666666667
16289,2026,4.99,4.59,1.5599999999999998,1.1333333333333333,33.333333333333336
16293,2026,4.171428571428572,4.242857142857143,1.1571428571428573,2.375,23.333333333333332
16298,2026,3.7774193548387096,4.4792626728110605,1.5276497695852536,1.620253164556962,144.66666666666666
16299,2026,2.5829545454545455,2.8125,1.0511363636363635,4.0,176.0
16301,2026,2.9032786885245905,3.2459016393442623,1.098360655737705,3.4074074074074074,61.0
16302,2026,7.975,8.4375,2.25,0.5714285714285714,5.333333333333333
16313,2026,1.8200674536256325,2.048903878583474,0.9612141652613828,5.851063829787234,197.66666666666666
16324,2026,3.1731707317073172,3.029268292682927,1.2000000000000002,2.9148936170212765,136.66666666666666
16325,2026,4.79672131147541,5.864754098360656,1.7213114754098362,1.1458333333333333,81.33333333333333
16326,2026,9.287500000000001,20.250000000000004,3.562500000000001,0.8,5.333333333333332
16330,2026,5.665217391304347,7.434782608695652,1.9130434782608696,0.35,23.0
16331,2026,6.054545454545455,8.590909090909092,2.4545454545454546,0.6521739130434783,22.0
16335,2026,6.1,16.875,4.875,0.5,2.6666666666666665
16336,2026,5.554545454545455,24.545454545454547,4.090909090909091,0.6,3.6666666666666665
16339,2026,2.8345132743362833,3.2256637168141595,1.168141592920354,3.2,75.33333333333333
16340,2026,7.41578947368421,5.2105263157894735,1.736842105263158,0.5625,19.0
16349,2026,2.9255813953488374,3.453488372093023,1.1162790697674418,3.857142857142857,172.0
16350,2026,3.8765363128491623,4.4748603351955305,1.4078212290502794,2.1690140845070425,179.0
16352,2026,4.15,2.7,1.2000000000000002,2.25,6.666666666666666
16353,2026,6.792307692307693,10.384615384615385,2.5384615384615388,0.5,4.333333333333333
16384,2026,6.143478260869566,8.608695652173912,2.130434782608696,1.8333333333333333,23.0
16385,2026,4.1,11.25,2.25,1.0,4.0
16391,2026,3.0166666666666666,3.5833333333333335,1.3518518518518519,2.3877551020408165,108.0
16397,2026,3.3747252747252747,2.967032967032967,1.2197802197802199,2.2857142857142856,91.0
16398,2026,2.4000000000000004,3.15,1.2,2.6666666666666665,20.0
16401,2026,3.0835164835164837,3.1153846153846154,1.3846153846153846,2.142857142857143,60.666666666666664
16403,2026,3.3158273381294965,4.467625899280575,1.3597122302158273,4.555555555555555,46.333333333333336
16404,2026,2.5035087719298246,2.6842105263157894,1.1929824561403508,3.1666666666666665,57.0
16405,2026,5.642857142857142,8.228571428571428,1.8571428571428572,1.5555555555555556,35.0
