game_id,team_code,team_recent30_rbi
20230005,1001,0
20230010,1001,0
20230015,1001,8
20230025,1001,15
20230026,1001,16
20230031,1001,18
20230036,1001,19
20230042,1001,21
20230047,1001,25
20230052,1001,25
20230060,1001,36
20230065,1001,45
20230070,1001,49
20230072,1001,58
20230077,1001,62
20230082,1001,71
20230089,1001,72
20230094,1001,76
20230099,1001,78
20230108,1001,81
20230113,1001,82
20230118,1001,89
20230123,1001,99
20230128,1001,102
20230133,1001,103
20230138,1001,95
20230143,1001,96
20230163,1001,99
20230168,1001,105
20230173,1001,106
20230180,1001,102
20230185,1001,106
20230190,1001,99
20230194,1001,90
20230199,1001,83
20230210,1001,83
20230215,1001,78
20230220,1001,80
20230221,1001,76
20230226,1001,77
20230231,1001,82
20230238,1001,84
20230243,1001,84
20230248,1001,79
20230252,1001,72
20230257,1001,73
20230262,1001,76
20230269,1001,78
20230274,1001,85
20230279,1001,77
20230283,1001,82
20230288,1001,91
20230293,1001,91
20230299,1001,84
20230304,1001,84
20230309,1001,92
20230311,1001,90
20230316,1001,87
20230321,1001,89
20230328,1001,90
20230333,1001,92
20230338,1001,97
20230344,1001,97
20230349,1001,97
20230354,1001,97
20230358,1001,94
20230363,1001,89
20230368,1001,96
20230375,1001,98
20230380,1001,95
20230389,1001,99
20230394,1001,97
20230399,1001,99
20230405,1001,87
20230410,1001,85
20230415,1001,89
20230425,1001,81
20230430,1001,88
20230439,1001,80
20230444,1001,82
20230448,1001,59
20230453,1001,61
20230458,1001,65
20230464,1001,63
20230469,1001,63
20230474,1001,70
20230477,1001,73
20230482,1001,72
20230487,1001,79
20230494,1001,82
20230499,1001,88
20230504,1001,95
20230507,1001,99
20230512,1001,100
20230517,1001,104
20230521,1001,100
20230526,1001,94
20230537,1001,99
20230542,1001,102
20230547,1001,100
20230552,1001,100
20230557,1001,105
20230562,1001,108
20230570,1001,112
20230575,1001,124
20230580,1001,129
20230585,1001,128
20230597,1001,120
20230602,1001,117
20230607,1001,117
20230623,1001,104
20230629,1001,99
20230634,1001,92
20230639,1001,86
20230644,1001,82
20230649,1001,81
20230654,1001,88
20230656,1001,88
20230661,1001,90
20230863,1001,90
20230666,1001,94
20230869,1001,90
20230875,1001,100
20230881,1001,105
20230889,1001,99
20230979,1001,86
20230905,1001,81
20230909,1001,78
20230927,1001,62
20231007,1001,62
20230929,1001,72
20230938,1001,83
20230943,1001,83
20230947,1001,87
20230944,1001,87
20230951,1001,102
20230956,1001,100
20230960,1001,106
20230986,1001,106
20230969,1001,104
20230971,1001,98
20230974,1001,95
20231020,1001,85
20231023,1001,80
20240003,1001,0
20240008,1001,6
20240011,1001,17
20240016,1001,20
20240021,1001,22
20240029,1001,23
20240034,1001,27
20240039,1001,32
20240045,1001,35
20240055,1001,38
20240058,1001,39
20240063,1001,41
20240068,1001,48
20240074,1001,55
20240079,1001,63
20240084,1001,72
20240090,1001,76
20240095,1001,79
20240100,1001,82
20240104,1001,94
20240109,1001,101
20240114,1001,110
20240118,1001,115
20240123,1001,116
20240128,1001,117
20240134,1001,116
20240139,1001,112
20240144,1001,118
20240147,1001,117
20240152,1001,118
20240157,1001,126
20240161,1001,128
20240166,1001,125
20240171,1001,134
20240179,1001,135
20240184,1001,142
20240199,1001,127
20240204,1001,128
20240210,1001,124
20240215,1001,118
20240220,1001,117
20240222,1001,118
20240232,1001,108
20240239,1001,109
20240244,1001,106
20240249,1001,110
20240254,1001,110
20240259,1001,110
20240264,1001,113
20240270,1001,108
20240275,1001,113
20240280,1001,117
20240284,1001,106
20240289,1001,97
20240294,1001,102
20240298,1001,105
20240303,1001,104
20240308,1001,106
20240312,1001,98
20240317,1001,101
20240322,1001,103
20240327,1001,103
20240332,1001,107
20240337,1001,106
20240343,1001,107
20240348,1001,103
20240353,1001,107
20240360,1001,111
20240365,1001,118
20240370,1001,114
20240374,1001,103
20240379,1001,104
20240384,1001,116
20240389,1001,115
20240399,1001,117
20241409,1001,117
20240401,1001,116
20240406,1001,115
20240411,1001,116
20240417,1001,116
20240427,1001,112
20241418,1001,112
20240434,1001,101
20240439,1001,104
20240444,1001,108
20240455,1001,91
20240460,1001,106
20240461,1001,109
20240466,1001,113
20240471,1001,110
20240483,1001,101
20240488,1001,106
20240495,1001,107
20240500,1001,101
20240505,1001,114
20240508,1001,113
20240513,1001,102
20240524,1001,104
20240529,1001,104
20240534,1001,105
20240536,1001,103
20240541,1001,107
20240546,1001,112
20240553,1001,115
20240558,1001,114
20240563,1001,123
20240568,1001,131
20240573,1001,136
20240578,1001,146
20240585,1001,150
20240595,1001,136
20240599,1001,130
20240604,1001,131
20240609,1001,133
20240615,1001,136
20240620,1001,138
20240625,1001,139
20240629,1001,121
20240634,1001,118
20240644,1001,115
20240649,1001,118
20240654,1001,120
20240657,1001,126
20240662,1001,125
20240667,1001,134
20241428,1001,123
20241431,1001,129
20241433,1001,119
20241526,1001,116
20241446,1001,118
20241450,1001,114
20241454,1001,111
20241464,1001,108
20241467,1001,117
20241472,1001,115
20241476,1001,121
20241482,1001,118
20241487,1001,117
20241492,1001,124
20241506,1001,124
20241508,1001,128
20241511,1001,129
20241532,1001,120
20241522,1001,116
20250003,1001,0
20250008,1001,13
20250014,1001,23
20250019,1001,36
20250024,1001,42
20250026,1001,44
20250031,1001,44
20250036,1001,53
20250049,1001,56
20250054,1001,60
20250059,1001,61
20250064,1001,66
20250069,1001,72
20250073,1001,82
20250078,1001,89
20250083,1001,90
20250088,1001,93
20250098,1001,95
20250101,1001,97
20250106,1001,97
20250111,1001,99
20250118,1001,105
20250123,1001,106
20250128,1001,116
20250138,1001,96
20250143,1001,103
20250148,1001,105
20250153,1001,108
20250158,1001,115
20250162,1001,114
20250167,1001,113
20250172,1001,119
20250178,1001,120
20250183,1001,122
20250188,1001,122
20250195,1001,122
20250200,1001,117
20250205,1001,108
20250213,1001,106
20250791,1001,106
20250218,1001,107
20250223,1001,109
20250228,1001,111
20250233,1001,113
20250242,1001,123
20250802,1001,123
20250247,1001,128
20250255,1001,120
20250260,1001,123
20250265,1001,129
20250268,1001,131
20250273,1001,130
20250278,1001,122
20250283,1001,107
20250293,1001,103
20250296,1001,110
20250301,1001,108
20250307,1001,111
20250312,1001,110
20250317,1001,109
20250322,1001,109
20250327,1001,111
20250332,1001,111
20250338,1001,118
20250343,1001,115
20250348,1001,117
20250353,1001,120
20250363,1001,116
20250368,1001,107
20250373,1001,99
20250378,1001,108
20250383,1001,114
20250388,1001,116
20250398,1001,109
20250407,1001,99
20250412,1001,104
20250420,1001,101
20250425,1001,104
20250426,1001,95
20250431,1001,93
20250436,1001,91
20250441,1001,91
20250447,1001,92
20250452,1001,95
20250458,1001,99
20250464,1001,88
20250469,1001,96
20250474,1001,96
20250493,1001,58
20250497,1001,72
20250502,1001,73
20250507,1001,80
20250514,1001,81
20250519,1001,81
20250524,1001,90
20250530,1001,90
20250535,1001,93
20250540,1001,93
20250542,1001,90
20250547,1001,92
20250553,1001,89
20250557,1001,80
20250562,1001,84
20250567,1001,88
20250573,1001,85
20250578,1001,92
20250584,1001,88
20250588,1001,90
20250593,1001,91
20250598,1001,92
20250603,1001,96
20250608,1001,104
20250614,1001,108
20250617,1001,116
20250622,1001,106
20250627,1001,110
20250632,1001,108
20250637,1001,109
20250642,1001,120
20250646,1001,112
20250651,1001,115
20250656,1001,129
20250665,1001,126
20250670,1001,130
20250675,1001,133
20250865,1001,132
20250872,1001,129
20250877,1001,133
20250880,1001,131
20250887,1001,125
20250892,1001,125
20250899,1001,127
20250904,1001,126
20250908,1001,120
20250919,1001,118
20250923,1001,118
20250929,1001,127
20250933,1001,110
20250974,1001,109
20250966,1001,118
20250944,1001,123
20250949,1001,111
20250955,1001,107
20250993,1001,104
20230003,2002,0
20230008,2002,1
20230028,2002,9
20230033,2002,10
20230038,2002,17
20230043,2002,17
20230048,2002,21
20230053,2002,23
20230057,2002,23
20230062,2002,25
20230067,2002,26
20230075,2002,26
20230080,2002,30
20230085,2002,36
20230089,2002,39
20230094,2002,44
20230099,2002,50
20230104,2002,55
20230109,2002,55
20230114,2002,61
20230116,2002,66
20230121,2002,69
20230126,2002,72
20230134,2002,81
20230139,2002,77
20230164,2002,77
20230169,2002,80
20230174,2002,83
20230176,2002,82
20230181,2002,81
20230186,2002,82
20230194,2002,83
20230199,2002,91
20230208,2002,94
20230213,2002,98
20230218,2002,98
20230224,2002,87
20230229,2002,87
20230234,2002,91
20230239,2002,94
20230244,2002,90
20230249,2002,91
20230254,2002,86
20230259,2002,82
20230270,2002,85
20230275,2002,79
20230280,2002,84
20230284,2002,90
20230289,2002,91
20230294,2002,99
20230296,2002,99
20230301,2002,103
20230306,2002,105
20230312,2002,105
20230317,2002,101
20230322,2002,102
20230330,2002,102
20230335,2002,107
20230340,2002,113
20230343,2002,106
20230348,2002,112
20230353,2002,115
20230359,2002,110
20230364,2002,109
20230374,2002,101
20230379,2002,101
20230386,2002,100
20230391,2002,97
20230396,2002,102
20230408,2002,90
20230413,2002,106
20230417,2002,112
20230422,2002,110
20230427,2002,114
20230439,2002,105
20230444,2002,107
20230449,2002,69
20230465,2002,62
20230470,2002,65
20230475,2002,76
20230479,2002,75
20230484,2002,76
20230489,2002,79
20230494,2002,76
20230499,2002,86
20230504,2002,91
20230508,2002,102
20230513,2002,94
20230518,2002,96
20230530,2002,81
20230540,2002,83
20230545,2002,82
20230550,2002,93
20230553,2002,94
20230558,2002,100
20230563,2002,109
20230570,2002,117
20230575,2002,119
20230580,2002,125
20230584,2002,127
20230594,2002,131
20230598,2002,134
20230603,2002,126
20230608,2002,138
20230625,2002,128
20230628,2002,127
20230633,2002,132
20230638,2002,133
20230646,2002,121
20230651,2002,128
20230659,2002,128
20230664,2002,128
20230865,2002,128
20230669,2002,144
20230869,2002,139
20230872,2002,146
20230879,2002,141
20230890,2002,129
20230998,2002,130
20230895,2002,128
20230904,2002,127
20230910,2002,131
20230913,2002,133
20230917,2002,128
20230922,2002,114
20230924,2002,113
20230928,2002,113
20230932,2002,117
20230934,2002,120
20230937,2002,132
20230940,2002,125
20230950,2002,108
20230952,2002,103
20230955,2002,103
20230959,2002,114
20230961,2002,117
20230969,2002,113
20230971,2002,113
20230976,2002,100
20231012,2002,96
20231015,2002,105
20231016,2002,103
20231026,2002,98
20231029,2002,102
20240004,2002,0
20240014,2002,7
20240019,2002,9
20240026,2002,16
20240031,2002,20
20240036,2002,20
20240043,2002,29
20240048,2002,35
20240053,2002,40
20240058,2002,46
20240063,2002,51
20240068,2002,55
20240073,2002,57
20240078,2002,64
20240083,2002,68
20240089,2002,76
20240094,2002,84
20240099,2002,95
20240103,2002,99
20240108,2002,103
20240113,2002,114
20240119,2002,119
20240124,2002,121
20240129,2002,129
20240132,2002,126
20240137,2002,131
20240142,2002,137
20240146,2002,148
20240151,2002,146
20240156,2002,149
20240163,2002,153
20240168,2002,148
20240173,2002,157
20240180,2002,156
20240185,2002,153
20240199,2002,146
20240204,2002,150
20240208,2002,144
20240218,2002,134
20241405,2002,134
20240225,2002,124
20240230,2002,125
20240235,2002,132
20240240,2002,134
20240245,2002,130
20240250,2002,131
20240255,2002,123
20240260,2002,120
20240265,2002,122
20240269,2002,123
20240274,2002,122
20240279,2002,114
20240285,2002,111
20240290,2002,114
20240295,2002,120
20240299,2002,127
20240304,2002,123
20240309,2002,122
20240314,2002,112
20240319,2002,112
20240324,2002,114
20240326,2002,119
20240331,2002,120
20240336,2002,126
20240342,2002,132
20240347,2002,128
20240352,2002,141
20240358,2002,137
20240363,2002,141
20240368,2002,137
20240375,2002,127
20240380,2002,134
20240385,2002,139
20240390,2002,144
20240400,2002,144
20241408,2002,144
20240405,2002,146
20240410,2002,154
20240415,2002,157
20240418,2002,148
20240434,2002,127
20240439,2002,134
20240444,2002,140
20240446,2002,129
20240451,2002,132
20240456,2002,136
20240463,2002,135
20240468,2002,128
20240473,2002,135
20240483,2002,131
20240488,2002,141
20240494,2002,140
20240499,2002,142
20240504,2002,143
20240509,2002,142
20240514,2002,138
20240519,2002,143
20240522,2002,134
20240527,2002,135
20240532,2002,138
20240540,2002,137
20240545,2002,144
20240550,2002,150
20240552,2002,141
20240557,2002,138
20240569,2002,137
20240574,2002,139
20240579,2002,141
20240585,2002,130
20240595,2002,131
20240597,2002,121
20240602,2002,111
20240607,2002,112
20240611,2002,124
20240616,2002,117
20240621,2002,122
20240635,2002,105
20240640,2002,110
20240645,2002,108
20240650,2002,107
20240655,2002,105
20240658,2002,98
20240663,2002,104
20240668,2002,111
20241428,2002,102
20241431,2002,117
20241434,2002,113
20241437,2002,120
20241441,2002,124
20241445,2002,126
20241451,2002,137
20241455,2002,143
20241525,2002,135
20241473,2002,141
20241477,2002,132
20241481,2002,134
20241484,2002,130
20241490,2002,126
20241508,2002,114
20241511,2002,116
20241513,2002,120
20241518,2002,112
20241523,2002,105
20241536,2002,113
20250005,2002,0
20250010,2002,9
20250015,2002,13
20250020,2002,24
20250025,2002,34
20250028,2002,37
20250033,2002,39
20250038,2002,43
20250049,2002,48
20250054,2002,50
20250056,2002,53
20250066,2002,55
20250072,2002,56
20250077,2002,61
20250082,2002,64
20250089,2002,67
20250099,2002,70
20250105,2002,80
20250110,2002,81
20250115,2002,81
20250116,2002,86
20250121,2002,87
20250126,2002,94
20250138,2002,85
20250143,2002,87
20250149,2002,80
20250154,2002,75
20250159,2002,80
20250163,2002,77
20250168,2002,83
20250180,2002,83
20250190,2002,80
20250194,2002,78
20250199,2002,91
20250204,2002,94
20250212,2002,95
20250217,2002,97
20250792,2002,97
20250224,2002,99
20250229,2002,92
20250234,2002,92
20250244,2002,98
20250801,2002,98
20250249,2002,100
20250254,2002,97
20250259,2002,96
20250264,2002,97
20250268,2002,105
20250273,2002,110
20250278,2002,110
20250285,2002,99
20250290,2002,103
20250295,2002,113
20250299,2002,105
20250304,2002,106
20250310,2002,106
20250311,2002,109
20250316,2002,119
20250321,2002,112
20250329,2002,109
20250334,2002,103
20250340,2002,104
20250343,2002,104
20250348,2002,99
20250353,2002,104
20250359,2002,102
20250364,2002,103
20250369,2002,104
20250374,2002,100
20250379,2002,105
20250384,2002,110
20250392,2002,111
20250397,2002,108
20250405,2002,102
20250410,2002,105
20250415,2002,111
20250416,2002,108
20250421,2002,101
20250427,2002,107
20250434,2002,117
20250439,2002,115
20250444,2002,120
20250449,2002,113
20250454,2002,113
20250460,2002,125
20250465,2002,123
20250470,2002,126
20250475,2002,130
20250495,2002,94
20250499,2002,91
20250504,2002,93
20250509,2002,98
20250512,2002,93
20250517,2002,91
20250522,2002,91
20250529,2002,82
20250534,2002,77
20250539,2002,79
20250544,2002,79
20250558,2002,54
20250563,2002,54
20250568,2002,55
20250574,2002,53
20250585,2002,51
20250588,2002,61
20250593,2002,66
20250598,2002,73
20250601,2002,83
20250606,2002,87
20250612,2002,90
20250619,2002,92
20250624,2002,102
20250629,2002,103
20250634,2002,106
20250639,2002,103
20250644,2002,105
20250647,2002,98
20250652,2002,100
20250657,2002,104
20250664,2002,106
20250669,2002,114
20250674,2002,112
20250862,2002,116
20250866,2002,119
20250878,2002,117
20250881,2002,118
20250887,2002,105
20250893,2002,109
20250896,2002,107
20250897,2002,104
20250902,2002,98
20250909,2002,91
20250914,2002,90
20250918,2002,92
20250926,2002,82
20250930,2002,77
20250931,2002,79
20250935,2002,78
20250947,2002,71
20250990,2002,54
20250955,2002,57
20250983,2002,51
20250984,2002,54
20250993,2002,57
20230001,3001,0
20230006,3001,10
20230013,3001,12
20230029,3001,13
20230034,3001,14
20230039,3001,17
20230044,3001,22
20230049,3001,26
20230054,3001,34
20230060,3001,42
20230065,3001,49
20230070,3001,56
20230075,3001,57
20230080,3001,64
20230085,3001,64
20230090,3001,69
20230095,3001,70
20230100,3001,77
20230110,3001,81
20230115,3001,89
20230120,3001,92
20230130,3001,97
20230134,3001,91
20230139,3001,95
20230165,3001,92
20230170,3001,89
20230175,3001,92
20230179,3001,95
20230184,3001,88
20230189,3001,84
20230193,3001,78
20230198,3001,80
20230203,3001,81
20230209,3001,81
20230214,3001,86
20230219,3001,81
20230225,3001,76
20230230,3001,74
20230235,3001,75
20230237,3001,83
20230242,3001,77
20230247,3001,80
20230251,3001,80
20230256,3001,77
20230261,3001,84
20230270,3001,79
20230275,3001,91
20230280,3001,97
20230285,3001,97
20230290,3001,97
20230295,3001,99
20230299,3001,103
20230304,3001,104
20230309,3001,104
20230314,3001,103
20230319,3001,102
20230324,3001,106
20230327,3001,107
20230332,3001,107
20230337,3001,104
20230342,3001,104
20230347,3001,102
20230352,3001,103
20230356,3001,103
20230361,3001,104
20230366,3001,97
20230375,3001,92
20230380,3001,92
20230390,3001,100
20230395,3001,94
20230400,3001,94
20230409,3001,76
20230414,3001,79
20230424,3001,81
20230429,3001,78
20230440,3001,69
20230445,3001,71
20230450,3001,48
20230455,3001,49
20230460,3001,50
20230461,3001,53
20230466,3001,55
20230471,3001,60
20230479,3001,64
20230484,3001,60
20230489,3001,61
20230495,3001,62
20230500,3001,63
20230505,3001,68
20230509,3001,69
20230514,3001,67
20230519,3001,69
20230522,3001,67
20230527,3001,62
20230532,3001,70
20230540,3001,82
20230545,3001,86
20230550,3001,88
20230554,3001,93
20230559,3001,103
20230564,3001,110
20230567,3001,124
20230572,3001,128
20230577,3001,130
20230591,3001,125
20230599,3001,121
20230604,3001,116
20230609,3001,113
20230624,3001,105
20230640,3001,101
20230987,3001,100
20230644,3001,98
20230649,3001,107
20230654,3001,109
20230660,3001,110
20230665,3001,105
20230866,3001,105
20230670,3001,102
20230870,3001,92
20230872,3001,90
20230880,3001,83
20230889,3001,67
20230997,3001,67
20230903,3001,64
20230907,3001,64
20230912,3001,68
20230916,3001,69
20230931,3001,69
20230935,3001,72
20230943,3001,76
20230944,3001,84
20230947,3001,84
20230951,3001,97
20230953,3001,106
20230957,3001,107
20230963,3001,98
20230967,3001,101
20230972,3001,99
20230977,3001,97
20231013,3001,96
20231015,3001,110
20231021,3001,109
20231024,3001,109
20231027,3001,107
20240002,3001,0
20240007,3001,3
20240014,3001,9
20240019,3001,10
20240030,3001,11
20240035,3001,14
20240040,3001,14
20240044,3001,21
20240054,3001,22
20240059,3001,27
20240064,3001,30
20240069,3001,37
20240074,3001,44
20240079,3001,45
20240084,3001,52
20240087,3001,52
20240092,3001,54
20240097,3001,55
20240101,3001,60
20240106,3001,62
20240111,3001,67
20240120,3001,75
20240130,3001,78
20241399,3001,78
20240140,3001,84
20240145,3001,90
20240150,3001,95
20240155,3001,94
20240160,3001,94
20240164,3001,94
20240169,3001,94
20240174,3001,97
20240179,3001,102
20240184,3001,108
20240200,3001,94
20240205,3001,99
20240209,3001,116
20240214,3001,110
20240219,3001,111
20240223,3001,112
20240233,3001,111
20240236,3001,111
20240241,3001,110
20240246,3001,105
20240255,3001,105
20240260,3001,94
20240265,3001,98
20240270,3001,107
20240275,3001,106
20240280,3001,107
20240283,3001,115
20240288,3001,115
20240293,3001,115
20240300,3001,108
20240305,3001,118
20240310,3001,114
20240314,3001,113
20240319,3001,119
20240324,3001,127
20240330,3001,131
20240340,3001,118
20241407,3001,118
20240344,3001,122
20240349,3001,120
20240354,3001,128
20240356,3001,138
20240361,3001,141
20240366,3001,148
20240372,3001,147
20240377,3001,147
20240382,3001,157
20240387,3001,159
20240392,3001,157
20240397,3001,153
20240405,3001,150
20240410,3001,157
20240415,3001,163
20240419,3001,171
20240436,3001,149
20240441,3001,157
20240448,3001,132
20240453,3001,129
20240458,3001,135
20240464,3001,137
20240469,3001,133
20240479,3001,110
20240484,3001,108
20240489,3001,114
20240495,3001,113
20240500,3001,113
20240505,3001,111
20240510,3001,108
20240520,3001,100
20240525,3001,90
20240530,3001,86
20240535,3001,84
20240538,3001,87
20240543,3001,91
20240548,3001,102
20240559,3001,98
20240570,3001,103
20240575,3001,109
20240583,3001,120
20240588,3001,120
20240593,3001,118
20240601,3001,120
20240606,3001,132
20240614,3001,131
20240619,3001,129
20240624,3001,132
20240635,3001,119
20240640,3001,124
20240644,3001,127
20240649,3001,130
20240654,3001,136
20240659,3001,130
20240664,3001,124
20240669,3001,124
20241423,3001,134
20241425,3001,131
20241429,3001,134
20241433,3001,130
20241438,3001,131
20241442,3001,138
20241446,3001,134
20241452,3001,122
20241456,3001,123
20241457,3001,121
20241462,3001,114
20241525,3001,124
20241470,3001,124
20241474,3001,115
20241478,3001,123
20241485,3001,130
20241488,3001,131
20241493,3001,133
20241505,3001,128
20241531,3001,128
20241510,3001,120
20241513,3001,116
20241515,3001,121
20241519,3001,121
20241523,3001,133
20241537,3001,112
20250001,3001,0
20250006,3001,2
20250012,3001,4
20250017,3001,7
20250022,3001,8
20250029,3001,10
20250034,3001,10
20250039,3001,13
20250050,3001,17
20250055,3001,23
20250058,3001,27
20250063,3001,30
20250068,3001,35
20250072,3001,47
20250077,3001,50
20250082,3001,51
20250087,3001,58
20250092,3001,65
20250097,3001,67
20250103,3001,73
20250108,3001,81
20250113,3001,86
20250118,3001,92
20250123,3001,100
20250128,3001,103
20250137,3001,103
20250142,3001,107
20250146,3001,108
20250151,3001,114
20250156,3001,118
20250164,3001,119
20250169,3001,124
20250174,3001,133
20250177,3001,138
20250182,3001,136
20250187,3001,136
20250192,3001,139
20250197,3001,135
20250202,3001,129
20250214,3001,131
20250219,3001,131
20250793,3001,131
20250224,3001,129
20250229,3001,123
20250234,3001,127
20250242,3001,120
20250802,3001,120
20250247,3001,128
20250252,3001,123
20250257,3001,127
20250262,3001,133
20250270,3001,144
20250275,3001,142
20250280,3001,145
20250283,3001,139
20250293,3001,137
20250297,3001,131
20250302,3001,127
20250308,3001,123
20250313,3001,118
20250318,3001,119
20250323,3001,123
20250326,3001,122
20250331,3001,118
20250337,3001,127
20250342,3001,123
20250347,3001,119
20250352,3001,123
20250362,3001,129
20250367,3001,127
20250372,3001,113
20250377,3001,107
20250382,3001,109
20250388,3001,105
20250398,3001,91
20250408,3001,84
20250413,3001,85
20250418,3001,90
20250423,3001,98
20250429,3001,95
20250432,3001,98
20250437,3001,97
20250442,3001,100
20250449,3001,95
20250454,3001,95
20250460,3001,90
20250463,3001,84
20250468,3001,85
20250473,3001,90
20250481,3001,69
20250486,3001,68
20250491,3001,70
20250500,3001,69
20250505,3001,63
20250510,3001,67
20250512,3001,70
20250517,3001,76
20250522,3001,78
20250528,3001,75
20250533,3001,70
20250538,3001,74
20250545,3001,82
20250550,3001,79
20250551,3001,80
20250558,3001,84
20250563,3001,79
20250568,3001,86
20250572,3001,87
20250583,3001,82
20250590,3001,83
20250595,3001,83
20250600,3001,83
20250603,3001,87
20250608,3001,91
20250614,3001,92
20250616,3001,91
20250621,3001,91
20250626,3001,94
20250633,3001,96
20250638,3001,98
20250643,3001,96
20250648,3001,94
20250653,3001,91
20250658,3001,93
20250663,3001,91
20250668,3001,88
20250673,3001,86
20250859,3001,88
20250863,3001,81
20250871,3001,89
20250885,3001,82
20250888,3001,82
20250893,3001,82
20250900,3001,86
20250908,3001,89
20250922,3001,84
20250927,3001,97
20250934,3001,89
20250974,3001,77
20250940,3001,80
20250944,3001,79
20250948,3001,84
20250969,3001,85
20250954,3001,79
20230004,5002,0
20230009,5002,6
20230012,5002,16
20230017,5002,23
20230022,5002,24
20230026,5002,28
20230031,5002,35
20230036,5002,37
20230044,5002,40
20230049,5002,45
20230054,5002,57
20230056,5002,63
20230061,5002,75
20230066,5002,77
20230071,5002,82
20230076,5002,86
20230081,5002,93
20230088,5002,102
20230093,5002,105
20230098,5002,108
20230101,5002,113
20230106,5002,118
20230111,5002,119
20230116,5002,125
20230121,5002,128
20230126,5002,131
20230135,5002,133
20230140,5002,128
20230156,5002,118
20230161,5002,120
20230166,5002,122
20230171,5002,123
20230180,5002,119
20230185,5002,107
20230190,5002,108
20230191,5002,101
20230196,5002,103
20230201,5002,110
20230206,5002,114
20230211,5002,110
20230216,5002,102
20230222,5002,100
20230227,5002,103
20230232,5002,106
20230239,5002,109
20230244,5002,113
20230249,5002,110
20230251,5002,110
20230256,5002,104
20230261,5002,105
20230266,5002,106
20230271,5002,106
20230276,5002,109
20230282,5002,110
20230287,5002,108
20230292,5002,113
20230298,5002,108
20230303,5002,112
20230308,5002,111
20230311,5002,117
20230316,5002,112
20230321,5002,114
20230326,5002,114
20230331,5002,114
20230336,5002,110
20230345,5002,120
20230350,5002,120
20230355,5002,129
20230356,5002,125
20230361,5002,123
20230366,5002,122
20230372,5002,120
20230377,5002,128
20230386,5002,133
20230391,5002,137
20230396,5002,134
20230406,5002,130
20230411,5002,134
20230424,5002,128
20230429,5002,140
20230436,5002,126
20230446,5002,87
20230463,5002,70
20230468,5002,65
20230473,5002,68
20230476,5002,62
20230481,5002,64
20230486,5002,70
20230491,5002,70
20230496,5002,72
20230501,5002,77
20230507,5002,81
20230512,5002,79
20230517,5002,74
20230530,5002,65
20230536,5002,68
20230541,5002,72
20230546,5002,80
20230552,5002,95
20230557,5002,100
20230562,5002,106
20230568,5002,108
20230573,5002,114
20230578,5002,123
20230591,5002,120
20230600,5002,122
20230605,5002,120
20230610,5002,117
20230621,5002,97
20230626,5002,95
20230631,5002,100
20230636,5002,99
20230642,5002,97
20230647,5002,95
20230652,5002,98
20230659,5002,108
20230664,5002,115
20230865,5002,115
20230669,5002,125
20230878,5002,98
20230882,5002,96
20230887,5002,104
20230891,5002,104
20230895,5002,104
20230902,5002,107
20230906,5002,109
20230911,5002,112
20230915,5002,112
20230925,5002,108
20231006,5002,108
20230929,5002,115
20230933,5002,116
20230936,5002,119
20230939,5002,118
20231004,5002,115
20230953,5002,113
20230957,5002,120
20230961,5002,118
20230964,5002,117
20230972,5002,98
20230977,5002,89
20231018,5002,90
20231019,5002,93
20231022,5002,95
20240001,5002,0
20240006,5002,8
20240011,5002,12
20240016,5002,16
20240021,5002,18
20240027,5002,35
20240032,5002,37
20240037,5002,40
20240041,5002,44
20240046,5002,49
20240051,5002,54
20240056,5002,62
20240061,5002,68
20240066,5002,76
20240073,5002,92
20240078,5002,93
20240083,5002,95
20240086,5002,97
20240091,5002,99
20240096,5002,101
20240101,5002,106
20240106,5002,113
20240111,5002,119
20240117,5002,121
20240127,5002,125
20241400,5002,125
20240134,5002,132
20240139,5002,131
20240144,5002,131
20240146,5002,135
20240151,5002,138
20240156,5002,127
20240165,5002,129
20240170,5002,125
20240175,5002,134
20240176,5002,134
20240181,5002,133
20240191,5002,113
20240196,5002,99
20240201,5002,105
20240209,5002,107
20240214,5002,113
20240219,5002,113
20240221,5002,114
20240231,5002,109
20240238,5002,107
20240243,5002,110
20240248,5002,115
20240253,5002,115
20240258,5002,104
20240263,5002,109
20240266,5002,113
20240271,5002,124
20240276,5002,126
20240282,5002,120
20240287,5002,120
20240292,5002,132
20240296,5002,133
20240301,5002,130
20240306,5002,133
20240311,5002,136
20240316,5002,139
20240321,5002,143
20240328,5002,149
20240333,5002,151
20240338,5002,156
20240343,5002,148
20240348,5002,147
20240353,5002,151
20240356,5002,154
20240361,5002,159
20240366,5002,162
20240375,5002,154
20240380,5002,154
20240385,5002,161
20240386,5002,162
20240396,5002,152
20241410,5002,152
20240401,5002,141
20240406,5002,140
20240411,5002,141
20240420,5002,135
20240430,5002,124
20240432,5002,119
20240437,5002,112
20240442,5002,113
20240446,5002,85
20240451,5002,87
20240456,5002,89
20240462,5002,86
20240467,5002,82
20240472,5002,86
20240481,5002,73
20240491,5002,80
20240501,5002,83
20240510,5002,87
20240520,5002,79
20240531,5002,82
20240536,5002,85
20240541,5002,77
20240546,5002,88
20240559,5002,85
20240566,5002,85
20240571,5002,91
20240576,5002,95
20240581,5002,101
20240586,5002,109
20240591,5002,117
20240598,5002,114
20240603,5002,109
20240608,5002,112
20240611,5002,128
20240616,5002,119
20240621,5002,123
20240626,5002,108
20240631,5002,106
20240636,5002,107
20240642,5002,118
20240647,5002,121
20240652,5002,119
20240656,5002,123
20240661,5002,122
20240666,5002,126
20241424,5002,132
20241434,5002,129
20241436,5002,134
20241440,5002,138
20241444,5002,133
20241448,5002,130
20241453,5002,129
20241457,5002,122
20241461,5002,119
20241475,5002,118
20241479,5002,110
20241485,5002,105
20241488,5002,108
20241493,5002,112
20241530,5002,114
20241498,5002,114
20241503,5002,110
20241528,5002,109
20241512,5002,118
20241527,5002,120
20241522,5002,118
20250001,5002,0
20250006,5002,10
20250011,5002,20
20250016,5002,24
20250021,5002,28
20250030,5002,30
20250035,5002,36
20250048,5002,48
20250053,5002,53
20250056,5002,58
20250066,5002,65
20250075,5002,69
20250080,5002,80
20250085,5002,80
20250086,5002,87
20250091,5002,92
20250096,5002,96
20250101,5002,98
20250106,5002,101
20250111,5002,113
20250117,5002,116
20250122,5002,120
20250127,5002,130
20250131,5002,123
20250136,5002,118
20250141,5002,121
20250149,5002,118
20250154,5002,119
20250159,5002,121
20250165,5002,104
20250170,5002,106
20250176,5002,108
20250181,5002,103
20250186,5002,102
20250191,5002,106
20250196,5002,108
20250201,5002,109
20250213,5002,100
20250791,5002,100
20250218,5002,102
20250221,5002,100
20250226,5002,107
20250231,5002,117
20250241,5002,108
20250803,5002,108
20250246,5002,115
20250252,5002,106
20250257,5002,120
20250262,5002,126
20250267,5002,125
20250272,5002,125
20250277,5002,128
20250281,5002,125
20250286,5002,126
20250291,5002,131
20250296,5002,131
20250301,5002,132
20250307,5002,133
20250314,5002,133
20250319,5002,136
20250324,5002,139
20250330,5002,137
20250335,5002,136
20250336,5002,136
20250341,5002,134
20250346,5002,128
20250351,5002,134
20250365,5002,121
20250370,5002,117
20250371,5002,112
20250376,5002,109
20250381,5002,118
20250391,5002,95
20250396,5002,96
20250404,5002,100
20250414,5002,94
20250416,5002,95
20250421,5002,94
20250427,5002,99
20250432,5002,97
20250437,5002,96
20250442,5002,98
20250447,5002,84
20250452,5002,80
20250458,5002,83
20250461,5002,85
20250466,5002,82
20250471,5002,93
20250481,5002,74
20250486,5002,67
20250491,5002,68
20250499,5002,66
20250504,5002,63
20250509,5002,68
20250511,5002,76
20250516,5002,81
20250521,5002,82
20250526,5002,77
20250531,5002,83
20250536,5002,87
20250542,5002,102
20250547,5002,104
20250553,5002,107
20250556,5002,104
20250561,5002,105
20250566,5002,112
20250571,5002,112
20250576,5002,103
20250582,5002,108
20250589,5002,112
20250602,5002,123
20250607,5002,128
20250613,5002,135
20250616,5002,138
20250621,5002,140
20250626,5002,145
20250634,5002,142
20250639,5002,151
20250644,5002,148
20250649,5002,141
20250654,5002,142
20250659,5002,151
20250661,5002,147
20250666,5002,145
20250671,5002,133
20250859,5002,131
20250867,5002,130
20250879,5002,124
20250882,5002,117
20250970,5002,115
20250890,5002,122
20250897,5002,115
20250902,5002,118
20250907,5002,119
20250917,5002,123
20250973,5002,123
20250923,5002,132
20250937,5002,109
20250940,5002,112
20250943,5002,113
20250946,5002,105
20250991,5002,107
20250952,5002,104
20250981,5002,99
20230001,6002,0
20230006,6002,11
20230011,6002,11
20230016,6002,12
20230021,6002,15
20230028,6002,20
20230033,6002,23
20230038,6002,29
20230041,6002,32
20230051,6002,37
20230056,6002,39
20230061,6002,42
20230066,6002,43
20230074,6002,52
20230079,6002,54
20230084,6002,60
20230086,6002,64
20230091,6002,73
20230096,6002,78
20230108,6002,78
20230113,6002,78
20230117,6002,84
20230122,6002,85
20230127,6002,88
20230131,6002,79
20230136,6002,81
20230141,6002,83
20230156,6002,77
20230165,6002,69
20230170,6002,71
20230175,6002,71
20230176,6002,71
20230181,6002,77
20230186,6002,79
20230192,6002,83
20230197,6002,78
20230202,6002,87
20230207,6002,88
20230212,6002,83
20230217,6002,85
20230221,6002,74
20230226,6002,81
20230231,6002,82
20230236,6002,86
20230255,6002,78
20230260,6002,76
20230268,6002,76
20230273,6002,83
20230278,6002,82
20230281,6002,84
20230286,6002,87
20230291,6002,92
20230296,6002,89
20230301,6002,92
20230306,6002,90
20230315,6002,83
20230320,6002,85
20230325,6002,88
20230326,6002,87
20230331,6002,81
20230336,6002,84
20230341,6002,80
20230346,6002,78
20230351,6002,79
20230357,6002,74
20230362,6002,75
20230367,6002,72
20230371,6002,85
20230376,6002,88
20230390,6002,89
20230395,6002,87
20230400,6002,89
20230405,6002,82
20230410,6002,85
20230415,6002,92
20230416,6002,93
20230421,6002,97
20230426,6002,100
20230438,6002,100
20230449,6002,74
20230461,6002,73
20230466,6002,65
20230471,6002,67
20230476,6002,65
20230481,6002,66
20230486,6002,72
20230493,6002,70
20230498,6002,74
20230503,6002,78
20230506,6002,75
20230511,6002,71
20230516,6002,71
20230521,6002,57
20230526,6002,51
20230539,6002,55
20230544,6002,63
20230549,6002,64
20230551,6002,67
20230556,6002,67
20230561,6002,69
20230571,6002,77
20230576,6002,80
20230582,6002,79
20230587,6002,85
20230592,6002,93
20230596,6002,94
20230601,6002,101
20230606,6002,103
20230621,6002,100
20230640,6002,88
20230987,6002,86
20230646,6002,83
20230651,6002,84
20230656,6002,84
20230661,6002,87
20230863,6002,87
20230666,6002,91
20230867,6002,87
20230874,6002,90
20230879,6002,92
20230890,6002,90
20230998,6002,98
20230893,6002,103
20230905,6002,100
20230909,6002,99
20230914,6002,94
20230918,6002,89
20230923,6002,77
20230926,6002,77
20230933,6002,86
20230936,6002,90
20230939,6002,90
20230945,6002,91
20230948,6002,98
20230963,6002,99
20230967,6002,99
20230975,6002,90
20231013,6002,85
20231014,6002,88
20231016,6002,93
20231019,6002,96
20231022,6002,97
20231025,6002,91
20231028,6002,93
20240005,6002,0
20240010,6002,3
20240013,6002,9
20240018,6002,17
20240023,6002,28
20240026,6002,35
20240031,6002,35
20240036,6002,43
20240042,6002,46
20240047,6002,50
20240052,6002,53
20240059,6002,55
20240064,6002,59
20240069,6002,60
20240071,6002,66
20240076,6002,71
20240081,6002,78
20240086,6002,78
20240091,6002,79
20240096,6002,84
20240104,6002,91
20240109,6002,95
20240114,6002,97
20240116,6002,99
20240126,6002,115
20241401,6002,115
20240131,6002,118
20240136,6002,116
20240141,6002,117
20240149,6002,116
20240154,6002,115
20240159,6002,113
20240161,6002,122
20240166,6002,123
20240171,6002,125
20240176,6002,122
20240181,6002,124
20240192,6002,120
20240197,6002,127
20240202,6002,132
20240206,6002,132
20240216,6002,132
20241404,6002,132
20240225,6002,145
20240230,6002,146
20240235,6002,150
20240236,6002,153
20240241,6002,152
20240246,6002,158
20240251,6002,145
20240256,6002,147
20240261,6002,149
20240269,6002,155
20240274,6002,161
20240279,6002,156
20240281,6002,143
20240286,6002,128
20240291,6002,137
20240296,6002,139
20240301,6002,140
20240306,6002,143
20240315,6002,136
20240320,6002,139
20240325,6002,143
20240326,6002,138
20240331,6002,138
20240336,6002,142
20240341,6002,137
20240346,6002,119
20240351,6002,120
20240357,6002,120
20240362,6002,122
20240367,6002,119
20240371,6002,112
20240376,6002,115
20240381,6002,119
20240389,6002,113
20240399,6002,105
20241409,6002,105
20240404,6002,104
20240409,6002,106
20240414,6002,121
20240416,6002,122
20240421,6002,122
20240426,6002,116
20240436,6002,109
20240441,6002,121
20240454,6002,96
20240459,6002,101
20240461,6002,111
20240466,6002,114
20240471,6002,113
20240479,6002,105
20240484,6002,103
20240489,6002,105
20240491,6002,102
20240501,6002,103
20240506,6002,102
20240511,6002,100
20240516,6002,107
20240523,6002,104
20240528,6002,90
20240533,6002,90
20240540,6002,81
20240545,6002,92
20240550,6002,121
20240551,6002,121
20240556,6002,113
20240566,6002,112
20240571,6002,119
20240576,6002,127
20240582,6002,130
20240587,6002,138
20240592,6002,137
20240601,6002,133
20240606,6002,135
20240613,6002,139
20240618,6002,142
20240623,6002,142
20240629,6002,139
20240634,6002,136
20240641,6002,135
20240646,6002,132
20240651,6002,136
20240660,6002,133
20240665,6002,145
20240670,6002,151
20241425,6002,112
20241429,6002,115
20241432,6002,109
20241526,6002,110
20241449,6002,98
20241458,6002,83
20241471,6002,73
20241480,6002,65
20241482,6002,67
20241490,6002,70
20241530,6002,72
20241498,6002,72
20241503,6002,85
20241507,6002,86
20241529,6002,89
20241515,6002,97
20241524,6002,83
20250002,6002,0
20250007,6002,5
20250013,6002,7
20250018,6002,10
20250023,6002,13
20250026,6002,16
20250031,6002,18
20250036,6002,20
20250046,6002,22
20250051,6002,24
20250058,6002,30
20250063,6002,41
20250068,6002,42
20250071,6002,57
20250076,6002,61
20250081,6002,65
20250086,6002,67
20250091,6002,69
20250096,6002,69
20250116,6002,77
20250121,6002,84
20250126,6002,88
20250135,6002,85
20250140,6002,87
20250145,6002,94
20250146,6002,100
20250151,6002,99
20250156,6002,100
20250161,6002,109
20250166,6002,109
20250171,6002,112
20250178,6002,115
20250183,6002,115
20250188,6002,115
20250191,6002,115
20250196,6002,119
20250201,6002,105
20250211,6002,102
20250216,6002,105
20250794,6002,105
20250225,6002,107
20250230,6002,102
20250235,6002,109
20250244,6002,117
20250801,6002,117
20250249,6002,120
20250251,6002,113
20250256,6002,114
20250261,6002,115
20250266,6002,117
20250271,6002,111
20250276,6002,103
20250284,6002,101
20250289,6002,89
20250294,6002,98
20250300,6002,98
20250305,6002,104
20250306,6002,101
20250311,6002,93
20250316,6002,84
20250321,6002,82
20250326,6002,83
20250331,6002,83
20250337,6002,87
20250345,6002,84
20250350,6002,81
20250355,6002,82
20250361,6002,74
20250366,6002,68
20250373,6002,67
20250378,6002,64
20250383,6002,67
20250391,6002,71
20250396,6002,71
20250401,6002,73
20250411,6002,74
20250419,6002,74
20250424,6002,73
20250430,6002,72
20250431,6002,70
20250436,6002,71
20250441,6002,76
20250446,6002,78
20250451,6002,78
20250457,6002,81
20250463,6002,79
20250468,6002,85
20250473,6002,89
20250487,6002,85
20250492,6002,82
20250496,6002,78
20250501,6002,75
20250506,6002,86
20250511,6002,84
20250516,6002,89
20250521,6002,91
20250529,6002,90
20250534,6002,91
20250539,6002,92
20250541,6002,93
20250546,6002,90
20250552,6002,90
20250556,6002,84
20250561,6002,79
20250566,6002,89
20250575,6002,84
20250580,6002,88
20250581,6002,86
20250586,6002,89
20250596,6002,90
20250601,6002,96
20250606,6002,100
20250612,6002,104
20250620,6002,102
20250625,6002,106
20250630,6002,117
20250631,6002,122
20250636,6002,119
20250641,6002,118
20250646,6002,111
20250651,6002,105
20250656,6002,105
20250663,6002,104
20250668,6002,110
20250673,6002,116
20250870,6002,109
20250874,6002,119
20250883,6002,100
20250970,6002,98
20250896,6002,99
20250901,6002,103
20250905,6002,101
20250906,6002,93
20250911,6002,90
20250916,6002,92
20250924,6002,77
20250928,6002,73
20250980,6002,67
20250933,6002,74
20250938,6002,78
20250941,6002,81
20250945,6002,81
20250948,6002,76
20250952,6002,68
20230002,7002,0
20230007,7002,1
20230015,7002,6
20230025,7002,12
20230027,7002,20
20230032,7002,23
20230037,7002,27
20230043,7002,27
20230048,7002,31
20230053,7002,31
20230059,7002,36
20230064,7002,43
20230069,7002,50
20230074,7002,52
20230079,7002,52
20230084,7002,59
20230088,7002,60
20230093,7002,62
20230098,7002,62
20230110,7002,69
20230115,7002,70
20230119,7002,70
20230124,7002,74
20230129,7002,75
20230131,7002,75
20230136,7002,70
20230141,7002,77
20230158,7002,73
20230163,7002,72
20230168,7002,73
20230173,7002,78
20230178,7002,77
20230183,7002,82
20230188,7002,82
20230193,7002,71
20230198,7002,70
20230203,7002,72
20230206,7002,75
20230211,7002,69
20230216,7002,69
20230224,7002,68
20230229,7002,68
20230234,7002,70
20230240,7002,74
20230245,7002,73
20230253,7002,72
20230258,7002,77
20230263,7002,80
20230269,7002,87
20230274,7002,87
20230279,7002,79
20230281,7002,89
20230286,7002,84
20230291,7002,87
20230298,7002,86
20230303,7002,86
20230308,7002,90
20230314,7002,87
20230319,7002,89
20230324,7002,96
20230329,7002,100
20230334,7002,100
20230339,7002,103
20230343,7002,106
20230348,7002,109
20230353,7002,116
20230360,7002,110
20230365,7002,114
20230373,7002,111
20230378,7002,115
20230389,7002,115
20230394,7002,118
20230399,7002,119
20230409,7002,101
20230414,7002,106
20230423,7002,105
20230428,7002,109
20230436,7002,97
20230447,7002,65
20230452,7002,61
20230462,7002,52
20230467,7002,67
20230472,7002,72
20230478,7002,68
20230483,7002,66
20230488,7002,69
20230493,7002,56
20230498,7002,56
20230503,7002,57
20230508,7002,62
20230513,7002,60
20230518,7002,60
20230524,7002,60
20230529,7002,55
20230539,7002,61
20230544,7002,63
20230549,7002,69
20230555,7002,77
20230560,7002,80
20230565,7002,84
20230569,7002,93
20230574,7002,104
20230579,7002,108
20230585,7002,102
20230598,7002,88
20230603,7002,84
20230608,7002,87
20230624,7002,81
20230626,7002,81
20230631,7002,80
20230636,7002,80
20230643,7002,79
20230648,7002,81
20230653,7002,87
20230657,7002,89
20230662,7002,88
20230864,7002,88
20230667,7002,100
20230867,7002,99
20230878,7002,91
20230892,7002,81
20230888,7002,81
20230999,7002,71
20230894,7002,73
20230904,7002,76
20230908,7002,88
20230911,7002,94
20230915,7002,95
20230927,7002,90
20231007,7002,90
20230931,7002,97
20230935,7002,97
20230942,7002,97
20230946,7002,100
20230956,7002,100
20230960,7002,110
20230962,7002,105
20230965,7002,100
20230968,7002,96
20230973,7002,93
20230978,7002,87
20231021,7002,75
20231024,7002,83
20231027,7002,87
20240001,7002,0
20240006,7002,2
20240012,7002,10
20240017,7002,16
20240022,7002,18
20240028,7002,28
20240033,7002,31
20240038,7002,39
20240044,7002,53
20240054,7002,53
20240057,7002,58
20240062,7002,65
20240067,7002,71
20240071,7002,73
20240076,7002,76
20240081,7002,80
20240089,7002,83
20240094,7002,86
20240099,7002,95
20240105,7002,97
20240110,7002,104
20240118,7002,107
20240123,7002,112
20240128,7002,112
20240133,7002,113
20240138,7002,111
20240143,7002,112
20240149,7002,106
20240154,7002,109
20240159,7002,109
20240162,7002,104
20240167,7002,98
20240172,7002,105
20240180,7002,108
20240185,7002,112
20240200,7002,94
20240205,7002,95
20240207,7002,97
20240212,7002,97
20240217,7002,95
20240224,7002,89
20240229,7002,92
20240234,7002,93
20240239,7002,89
20240244,7002,90
20240249,7002,97
20240253,7002,104
20240258,7002,109
20240263,7002,116
20240267,7002,114
20240272,7002,120
20240283,7002,109
20240288,7002,114
20240293,7002,117
20240298,7002,124
20240303,7002,123
20240308,7002,124
20240313,7002,118
20240318,7002,125
20240323,7002,136
20240329,7002,142
20240334,7002,143
20240339,7002,140
20240341,7002,138
20240346,7002,138
20240351,7002,142
20240359,7002,143
20240364,7002,145
20240369,7002,143
20240373,7002,134
20240378,7002,125
20240383,7002,138
20240390,7002,130
20240400,7002,122
20241408,7002,122
20240404,7002,121
20240409,7002,126
20240414,7002,133
20240419,7002,129
20240433,7002,105
20240438,7002,109
20240443,7002,111
20240447,7002,92
20240452,7002,92
20240457,7002,99
20240462,7002,97
20240467,7002,99
20240472,7002,96
20240485,7002,93
20240490,7002,94
20240494,7002,94
20240499,7002,84
20240504,7002,87
20240508,7002,91
20240513,7002,87
20240531,7002,70
20240539,7002,74
20240544,7002,80
20240549,7002,97
20240552,7002,105
20240557,7002,113
20240568,7002,107
20240573,7002,115
20240578,7002,121
20240584,7002,124
20240589,7002,124
20240594,7002,121
20240598,7002,115
20240603,7002,114
20240608,7002,121
20240612,7002,122
20240617,7002,123
20240622,7002,128
20240628,7002,129
20240633,7002,125
20240641,7002,121
20240646,7002,126
20240651,7002,132
20240659,7002,135
20240664,7002,128
20240669,7002,135
20241427,7002,121
20241432,7002,98
20241437,7002,105
20241441,7002,109
20241444,7002,104
20241448,7002,100
20241453,7002,97
20241459,7002,92
20241464,7002,89
20241467,7002,90
20241470,7002,89
20241474,7002,89
20241478,7002,97
20241486,7002,95
20241489,7002,92
20241494,7002,94
20241505,7002,94
20241531,7002,95
20241509,7002,91
20241512,7002,92
20241518,7002,95
20241521,7002,95
20241534,7002,88
20250004,7002,0
20250009,7002,4
20250011,7002,8
20250016,7002,8
20250021,7002,8
20250028,7002,9
20250033,7002,15
20250038,7002,20
20250050,7002,23
20250055,7002,24
20250059,7002,26
20250064,7002,26
20250069,7002,33
20250071,7002,33
20250076,7002,38
20250081,7002,43
20250090,7002,48
20250095,7002,60
20250100,7002,62
20250102,7002,69
20250107,7002,71
20250112,7002,81
20250120,7002,85
20250125,7002,96
20250130,7002,103
20250137,7002,101
20250142,7002,107
20250150,7002,110
20250155,7002,111
20250160,7002,112
20250165,7002,105
20250170,7002,105
20250180,7002,109
20250190,7002,109
20250195,7002,112
20250200,7002,108
20250205,7002,111
20250210,7002,115
20250215,7002,117
20250220,7002,120
20250225,7002,112
20250230,7002,108
20250235,7002,109
20250245,7002,99
20250800,7002,99
20250250,7002,98
20250253,7002,83
20250258,7002,79
20250263,7002,81
20250270,7002,84
20250275,7002,82
20250280,7002,84
20250281,7002,88
20250286,7002,85
20250291,7002,91
20250298,7002,89
20250303,7002,90
20250309,7002,99
20250315,7002,100
20250320,7002,105
20250325,7002,106
20250329,7002,103
20250334,7002,96
20250340,7002,99
20250345,7002,90
20250350,7002,88
20250355,7002,97
20250365,7002,96
20250370,7002,96
20250372,7002,101
20250377,7002,102
20250382,7002,105
20250400,7002,99
20250407,7002,93
20250412,7002,95
20250417,7002,96
20250422,7002,96
20250428,7002,100
20250435,7002,86
20250440,7002,89
20250445,7002,89
20250450,7002,87
20250455,7002,85
20250456,7002,91
20250465,7002,96
20250470,7002,102
20250475,7002,109
20250484,7002,82
20250489,7002,83
20250494,7002,88
20250496,7002,98
20250501,7002,90
20250506,7002,92
20250515,7002,96
20250520,7002,98
20250525,7002,97
20250530,7002,88
20250535,7002,89
20250540,7002,94
20250544,7002,93
20250560,7002,81
20250565,7002,73
20250570,7002,78
20250571,7002,70
20250576,7002,64
20250582,7002,62
20250590,7002,67
20250595,7002,69
20250600,7002,75
20250604,7002,80
20250609,7002,89
20250615,7002,95
20250620,7002,89
20250625,7002,84
20250630,7002,93
20250635,7002,94
20250640,7002,92
20250645,7002,93
20250650,7002,92
20250655,7002,92
20250660,7002,95
20250665,7002,103
20250670,7002,100
20250675,7002,94
20250862,7002,95
20250864,7002,115
20250877,7002,114
20250880,7002,117
20250885,7002,118
20250888,7002,122
20250898,7002,125
20250903,7002,129
20250972,7002,128
20250909,7002,129
20250914,7002,136
20250918,7002,142
20250925,7002,132
20250938,7002,122
20250943,7002,120
20250946,7002,120
20250991,7002,111
20250954,7002,117
20250982,7002,115
20250985,7002,100
20230003,9002,0
20230008,9002,4
20230013,9002,8
20230027,9002,9
20230032,9002,16
20230037,9002,22
20230042,9002,24
20230047,9002,29
20230052,9002,31
20230058,9002,40
20230063,9002,42
20230068,9002,42
20230073,9002,47
20230078,9002,49
20230083,9002,51
20230087,9002,59
20230092,9002,62
20230097,9002,65
20230101,9002,74
20230106,9002,77
20230111,9002,82
20230117,9002,84
20230122,9002,87
20230127,9002,96
20230132,9002,92
20230137,9002,91
20230142,9002,96
20230147,9002,105
20230152,9002,108
20230157,9002,109
20230164,9002,103
20230169,9002,101
20230174,9002,104
20230178,9002,104
20230183,9002,104
20230188,9002,103
20230195,9002,104
20230200,9002,102
20230209,9002,104
20230214,9002,107
20230219,9002,104
20230222,9002,104
20230227,9002,96
20230232,9002,101
20230236,9002,100
20230252,9002,95
20230257,9002,98
20230262,9002,100
20230267,9002,111
20230272,9002,109
20230277,9002,101
20230284,9002,99
20230289,9002,94
20230294,9002,103
20230300,9002,107
20230305,9002,106
20230310,9002,101
20230313,9002,95
20230318,9002,100
20230323,9002,104
20230327,9002,104
20230332,9002,112
20230337,9002,120
20230341,9002,112
20230346,9002,112
20230351,9002,115
20230358,9002,119
20230363,9002,120
20230368,9002,130
20230372,9002,118
20230377,9002,118
20230387,9002,121
20230392,9002,126
20230397,9002,115
20230408,9002,117
20230413,9002,120
20230423,9002,114
20230428,9002,118
20230438,9002,112
20230446,9002,70
20230464,9002,50
20230469,9002,49
20230474,9002,56
20230478,9002,61
20230483,9002,57
20230488,9002,62
20230492,9002,57
20230497,9002,48
20230502,9002,48
20230509,9002,49
20230514,9002,50
20230519,9002,52
20230523,9002,44
20230528,9002,44
20230537,9002,46
20230542,9002,49
20230547,9002,52
20230554,9002,55
20230559,9002,60
20230564,9002,63
20230568,9002,67
20230573,9002,71
20230578,9002,73
20230593,9002,68
20230596,9002,72
20230601,9002,66
20230606,9002,68
20230617,9002,63
20230622,9002,73
20230628,9002,76
20230633,9002,76
20230638,9002,79
20230643,9002,74
20230648,9002,82
20230653,9002,87
20230658,9002,88
20230663,9002,92
20230668,9002,100
20230868,9002,99
20230874,9002,96
20230882,9002,90
20230887,9002,90
20230891,9002,90
20230894,9002,92
20230902,9002,96
20230907,9002,97
20230912,9002,99
20230916,9002,98
20230923,9002,84
20230926,9002,84
20230930,9002,96
20230937,9002,88
20230940,9002,89
20230949,9002,91
20230954,9002,91
20230958,9002,101
20230962,9002,97
20230966,9002,99
20230970,9002,99
20230976,9002,95
20231017,9002,95
20231020,9002,98
20231025,9002,99
20231028,9002,98
20240002,9002,0
20240007,9002,5
20240012,9002,11
20240017,9002,11
20240022,9002,12
20240029,9002,18
20240034,9002,24
20240039,9002,33
20240042,9002,37
20240047,9002,50
20240052,9002,54
20240060,9002,57
20240065,9002,57
20240070,9002,60
20240072,9002,61
20240077,9002,68
20240082,9002,76
20240088,9002,78
20240093,9002,81
20240098,9002,90
20240103,9002,98
20240108,9002,104
20240113,9002,107
20240117,9002,113
20240127,9002,114
20241400,9002,114
20240140,9002,116
20240145,9002,127
20240148,9002,130
20240153,9002,134
20240158,9002,130
20240162,9002,126
20240167,9002,124
20240172,9002,131
20240177,9002,122
20240182,9002,122
20240191,9002,122
20240196,9002,125
20240201,9002,130
20240208,9002,124
20240218,9002,118
20241405,9002,118
20240222,9002,117
20240232,9002,118
20240237,9002,115
20240242,9002,117
20240247,9002,114
20240251,9002,116
20240256,9002,109
20240261,9002,110
20240267,9002,113
20240272,9002,106
20240282,9002,98
20240287,9002,92
20240292,9002,96
20240297,9002,101
20240302,9002,98
20240307,9002,103
20240312,9002,99
20240317,9002,100
20240322,9002,107
20240330,9002,107
20240340,9002,107
20241407,9002,107
20240342,9002,111
20240347,9002,106
20240352,9002,113
20240359,9002,111
20240364,9002,122
20240369,9002,127
20240374,9002,120
20240379,9002,125
20240384,9002,126
20240388,9002,120
20240393,9002,121
20240398,9002,129
20240403,9002,128
20240408,9002,129
20240413,9002,139
20240416,9002,142
20240421,9002,138
20240426,9002,137
20240440,9002,121
20240445,9002,122
20240448,9002,104
20240453,9002,102
20240458,9002,102
20240463,9002,101
20240468,9002,108
20240473,9002,116
20240481,9002,100
20240492,9002,100
20240502,9002,108
20240512,9002,92
20240517,9002,95
20240523,9002,96
20240528,9002,92
20240533,9002,88
20240538,9002,85
20240543,9002,92
20240548,9002,103
20240553,9002,105
20240558,9002,107
20240563,9002,111
20240567,9002,114
20240572,9002,120
20240577,9002,126
20240582,9002,120
20240587,9002,131
20240592,9002,132
20240600,9002,113
20240610,9002,111
20240612,9002,121
20240617,9002,114
20240622,9002,119
20240626,9002,111
20240631,9002,112
20240636,9002,117
20240643,9002,118
20240648,9002,121
20240653,9002,122
20240658,9002,116
20240663,9002,117
20240668,9002,123
20241426,9002,112
20241430,9002,112
20241436,9002,104
20241440,9002,104
20241452,9002,95
20241456,9002,96
20241459,9002,89
20241462,9002,84
20241472,9002,84
20241476,9002,84
20241484,9002,92
20241491,9002,93
20241499,9002,92
20241504,9002,95
20241507,9002,95
20241528,9002,96
20241514,9002,97
20241516,9002,105
20241521,9002,105
20241535,9002,100
20250002,9002,0
20250007,9002,6
20250012,9002,11
20250017,9002,13
20250022,9002,16
20250027,9002,21
20250032,9002,24
20250037,9002,25
20250057,9002,33
20250067,9002,36
20250073,9002,37
20250078,9002,40
20250083,9002,43
20250089,9002,45
20250099,9002,51
20250102,9002,55
20250107,9002,55
20250112,9002,59
20250117,9002,61
20250122,9002,62
20250127,9002,66
20250134,9002,68
20250139,9002,66
20250144,9002,77
20250147,9002,81
20250152,9002,82
20250157,9002,78
20250162,9002,77
20250167,9002,70
20250172,9002,76
20250176,9002,79
20250181,9002,81
20250186,9002,82
20250192,9002,83
20250197,9002,90
20250202,9002,89
20250212,9002,85
20250217,9002,87
20250792,9002,87
20250222,9002,94
20250227,9002,96
20250232,9002,98
20250245,9002,97
20250800,9002,97
20250250,9002,100
20250251,9002,102
20250256,9002,99
20250261,9002,106
20250267,9002,108
20250272,9002,98
20250277,9002,97
20250282,9002,95
20250287,9002,93
20250292,9002,103
20250297,9002,107
20250302,9002,106
20250308,9002,107
20250312,9002,107
20250317,9002,109
20250322,9002,106
20250328,9002,107
20250333,9002,108
20250339,9002,110
20250341,9002,108
20250346,9002,100
20250351,9002,104
20250362,9002,101
20250367,9002,99
20250375,9002,95
20250380,9002,97
20250385,9002,98
20250392,9002,90
20250397,9002,90
20250401,9002,88
20250411,9002,85
20250417,9002,88
20250422,9002,86
20250428,9002,83
20250434,9002,76
20250439,9002,75
20250444,9002,82
20250448,9002,78
20250453,9002,78
20250459,9002,82
20250462,9002,79
20250467,9002,84
20250472,9002,87
20250487,9002,63
20250492,9002,59
20250497,9002,55
20250502,9002,55
20250507,9002,55
20250515,9002,58
20250520,9002,58
20250525,9002,62
20250527,9002,55
20250532,9002,62
20250537,9002,67
20250541,9002,68
20250546,9002,68
20250552,9002,70
20250557,9002,64
20250562,9002,64
20250567,9002,68
20250572,9002,62
20250583,9002,58
20250587,9002,68
20250597,9002,71
20250602,9002,71
20250607,9002,74
20250613,9002,84
20250618,9002,85
20250623,9002,88
20250628,9002,93
20250635,9002,96
20250640,9002,97
20250645,9002,94
20250647,9002,88
20250652,9002,94
20250657,9002,95
20250662,9002,92
20250667,9002,95
20250672,9002,93
20250860,9002,92
20250866,9002,92
20250871,9002,92
20250879,9002,94
20250889,9002,90
20250892,9002,94
20250900,9002,99
20250910,9002,97
20250915,9002,103
20250924,9002,94
20250928,9002,98
20250980,9002,104
20250931,9002,106
20250939,9002,109
20250942,9002,101
20250945,9002,105
20250969,9002,97
20250953,9002,100
20250982,9002,94
20250984,9002,96
20250994,9002,91
20230002,10001,0
20230007,10001,3
20230012,10001,10
20230017,10001,11
20230022,10001,12
20230030,10001,12
20230035,10001,12
20230040,10001,16
20230041,10001,17
20230051,10001,21
20230057,10001,30
20230062,10001,38
20230067,10001,44
20230072,10001,46
20230077,10001,50
20230082,10001,54
20230087,10001,60
20230092,10001,61
20230097,10001,63
20230102,10001,69
20230107,10001,70
20230112,10001,83
20230120,10001,86
20230130,10001,88
20230133,10001,88
20230138,10001,85
20230143,10001,89
20230147,10001,89
20230152,10001,89
20230157,10001,90
20230161,10001,90
20230166,10001,93
20230171,10001,104
20230177,10001,100
20230182,10001,107
20230187,10001,107
20230192,10001,97
20230197,10001,96
20230202,10001,102
20230208,10001,105
20230213,10001,102
20230218,10001,98
20230223,10001,96
20230228,10001,93
20230233,10001,94
20230237,10001,93
20230242,10001,80
20230247,10001,82
20230253,10001,86
20230258,10001,83
20230263,10001,98
20230267,10001,97
20230272,10001,95
20230277,10001,95
20230282,10001,97
20230287,10001,94
20230292,10001,98
20230297,10001,107
20230302,10001,98
20230307,10001,103
20230312,10001,101
20230317,10001,98
20230322,10001,100
20230329,10001,103
20230334,10001,99
20230339,10001,101
20230344,10001,104
20230349,10001,109
20230354,10001,111
20230357,10001,110
20230362,10001,109
20230367,10001,113
20230374,10001,110
20230379,10001,112
20230387,10001,119
20230392,10001,107
20230397,10001,110
20230402,10001,111
20230407,10001,115
20230412,10001,117
20230416,10001,119
20230421,10001,115
20230426,10001,104
20230432,10001,99
20230437,10001,87
20230442,10001,90
20230450,10001,60
20230455,10001,58
20230460,10001,61
20230462,10001,64
20230467,10001,68
20230472,10001,72
20230477,10001,66
20230482,10001,64
20230487,10001,66
20230491,10001,63
20230496,10001,61
20230501,10001,63
20230510,10001,59
20230515,10001,58
20230520,10001,58
20230522,10001,63
20230527,10001,62
20230532,10001,69
20230536,10001,75
20230541,10001,75
20230546,10001,79
20230553,10001,86
20230558,10001,95
20230563,10001,98
20230567,10001,102
20230572,10001,107
20230577,10001,112
20230582,10001,114
20230587,10001,108
20230592,10001,111
20230597,10001,110
20230602,10001,113
20230607,10001,116
20230617,10001,109
20230622,10001,116
20230627,10001,122
20230632,10001,126
20230637,10001,125
20230645,10001,128
20230650,10001,122
20230655,10001,124
20230657,10001,124
20230662,10001,122
20230864,10001,122
20230667,10001,116
20230880,10001,99
20230997,10001,86
20230901,10001,83
20230908,10001,87
20230930,10001,71
20230934,10001,75
20230941,10001,64
20230945,10001,61
20230948,10001,60
20230964,10001,55
20230974,10001,54
20231012,10001,52
20231017,10001,52
20240004,10001,0
20240015,10001,4
20240020,10001,9
20240027,10001,11
20240032,10001,11
20240037,10001,18
20240045,10001,26
20240055,10001,34
20240057,10001,44
20240062,10001,54
20240067,10001,61
20240072,10001,65
20240077,10001,70
20240082,10001,74
20240087,10001,79
20240092,10001,87
20240097,10001,95
20240102,10001,102
20240107,10001,107
20240112,10001,111
20240116,10001,111
20240126,10001,119
20241401,10001,119
20240132,10001,124
20240137,10001,126
20240142,10001,130
20240147,10001,127
20240152,10001,125
20240157,10001,125
20240164,10001,124
20240169,10001,125
20240174,10001,131
20240178,10001,128
20240183,10001,129
20240192,10001,104
20240197,10001,103
20240202,10001,104
20240207,10001,101
20240212,10001,101
20240217,10001,103
20240221,10001,90
20240231,10001,86
20240237,10001,87
20240242,10001,87
20240247,10001,87
20240252,10001,89
20240257,10001,82
20240262,10001,85
20240268,10001,89
20240273,10001,89
20240284,10001,89
20240289,10001,87
20240294,10001,98
20240297,10001,91
20240302,10001,87
20240307,10001,82
20240311,10001,81
20240316,10001,90
20240321,10001,92
20240327,10001,93
20240332,10001,99
20240337,10001,107
20240344,10001,97
20240349,10001,99
20240354,10001,101
20240357,10001,108
20240362,10001,112
20240367,10001,107
20240373,10001,111
20240378,10001,101
20240383,10001,112
20240387,10001,116
20240392,10001,118
20240397,10001,112
20240402,10001,108
20240407,10001,113
20240412,10001,122
20240418,10001,126
20240432,10001,125
20240437,10001,127
20240442,10001,131
20240447,10001,100
20240452,10001,102
20240457,10001,102
20240465,10001,102
20240470,10001,102
20240477,10001,92
20240482,10001,87
20240487,10001,88
20240492,10001,96
20240502,10001,82
20240506,10001,84
20240511,10001,85
20240516,10001,89
20240522,10001,89
20240527,10001,84
20240532,10001,82
20240537,10001,70
20240542,10001,76
20240547,10001,76
20240551,10001,86
20240556,10001,88
20240567,10001,102
20240572,10001,104
20240577,10001,106
20240584,10001,105
20240589,10001,110
20240594,10001,108
20240597,10001,108
20240602,10001,108
20240607,10001,110
20240614,10001,108
20240619,10001,107
20240624,10001,107
20240627,10001,107
20240632,10001,103
20240637,10001,103
20240642,10001,102
20240647,10001,106
20240652,10001,101
20240657,10001,97
20240662,10001,95
20240667,10001,99
20241423,10001,93
20241435,10001,60
20241439,10001,65
20241443,10001,70
20241445,10001,78
20241451,10001,76
20241455,10001,76
20241458,10001,70
20241461,10001,70
20241473,10001,76
20241477,10001,77
20241480,10001,84
20241483,10001,80
20241491,10001,79
20241506,10001,80
20241509,10001,79
20241532,10001,78
20241527,10001,81
20241517,10001,82
20241520,10001,84
20241535,10001,86
20250003,10001,0
20250008,10001,5
20250015,10001,12
20250020,10001,18
20250025,10001,33
20250027,10001,37
20250032,10001,44
20250037,10001,47
20250046,10001,49
20250051,10001,52
20250060,10001,53
20250065,10001,58
20250070,10001,62
20250075,10001,64
20250080,10001,65
20250085,10001,69
20250090,10001,71
20250095,10001,71
20250100,10001,77
20250103,10001,78
20250108,10001,83
20250113,10001,87
20250119,10001,88
20250124,10001,91
20250129,10001,92
20250135,10001,87
20250140,10001,84
20250145,10001,86
20250147,10001,83
20250152,10001,71
20250157,10001,69
20250164,10001,66
20250169,10001,67
20250174,10001,75
20250179,10001,75
20250184,10001,77
20250189,10001,76
20250194,10001,75
20250199,10001,72
20250204,10001,73
20250210,10001,83
20250215,10001,84
20250220,10001,83
20250221,10001,77
20250226,10001,82
20250231,10001,82
20250243,10001,75
20250804,10001,75
20250248,10001,79
20250255,10001,75
20250260,10001,78
20250265,10001,79
20250269,10001,75
20250274,10001,78
20250279,10001,78
20250285,10001,73
20250290,10001,71
20250295,10001,78
20250300,10001,78
20250305,10001,74
20250306,10001,75
20250313,10001,71
20250318,10001,67
20250323,10001,75
20250330,10001,82
20250335,10001,73
20250336,10001,77
20250344,10001,73
20250349,10001,75
20250354,10001,76
20250361,10001,75
20250366,10001,74
20250375,10001,71
20250380,10001,72
20250385,10001,74
20250400,10001,71
20250405,10001,67
20250410,10001,76
20250415,10001,78
20250420,10001,77
20250425,10001,74
20250426,10001,80
20250433,10001,85
20250438,10001,91
20250443,10001,92
20250450,10001,94
20250455,10001,86
20250456,10001,78
20250461,10001,72
20250466,10001,72
20250471,10001,78
20250493,10001,67
20250500,10001,76
20250505,10001,78
20250510,10001,79
20250513,10001,70
20250518,10001,74
20250523,10001,76
20250527,10001,67
20250532,10001,60
20250537,10001,65
20250545,10001,60
20250550,10001,60
20250551,10001,60
20250559,10001,60
20250564,10001,68
20250569,10001,76
20250575,10001,87
20250580,10001,83
20250581,10001,83
20250587,10001,87
20250597,10001,88
20250605,10001,90
20250610,10001,96
20250611,10001,100
20250619,10001,102
20250624,10001,102
20250629,10001,105
20250632,10001,109
20250637,10001,110
20250642,10001,118
20250650,10001,110
20250655,10001,107
20250660,10001,107
20250661,10001,107
20250666,10001,105
20250671,10001,107
20250860,10001,108
20250865,10001,106
20250872,10001,102
20250882,10001,78
20250891,10001,85
20250898,10001,88
20250903,10001,91
20250972,10001,97
20250906,10001,98
20250911,10001,100
20250916,10001,104
20250927,10001,94
20250932,10001,89
20250935,10001,85
20250966,10001,85
20250949,10001,83
20250953,10001,78
20230005,11001,0
20230010,11001,8
20230011,11001,14
20230016,11001,14
20230021,11001,22
20230030,11001,24
20230035,11001,26
20230040,11001,37
20230045,11001,41
20230050,11001,42
20230055,11001,47
20230058,11001,49
20230063,11001,49
20230068,11001,50
20230071,11001,58
20230076,11001,62
20230081,11001,67
20230090,11001,71
20230095,11001,73
20230100,11001,79
20230104,11001,82
20230109,11001,88
20230114,11001,88
20230119,11001,88
20230124,11001,94
20230129,11001,97
20230135,11001,92
20230140,11001,88
20230162,11001,66
20230167,11001,76
20230172,11001,83
20230177,11001,86
20230182,11001,85
20230187,11001,85
20230195,11001,90
20230200,11001,87
20230210,11001,83
20230215,11001,82
20230220,11001,92
20230225,11001,85
20230230,11001,82
20230235,11001,85
20230240,11001,80
20230245,11001,90
20230255,11001,81
20230260,11001,83
20230266,11001,83
20230271,11001,90
20230276,11001,97
20230283,11001,100
20230288,11001,106
20230293,11001,110
20230300,11001,102
20230305,11001,100
20230310,11001,102
20230315,11001,104
20230320,11001,102
20230325,11001,107
20230330,11001,110
20230335,11001,121
20230340,11001,131
20230345,11001,119
20230350,11001,126
20230355,11001,129
20230360,11001,131
20230365,11001,130
20230371,11001,120
20230376,11001,122
20230388,11001,120
20230393,11001,120
20230398,11001,126
20230402,11001,111
20230407,11001,112
20230412,11001,112
20230425,11001,107
20230430,11001,101
20230440,11001,82
20230445,11001,93
20230447,11001,52
20230452,11001,58
20230465,11001,60
20230470,11001,65
20230475,11001,68
20230480,11001,70
20230485,11001,69
20230490,11001,71
20230495,11001,64
20230500,11001,70
20230505,11001,73
20230510,11001,77
20230515,11001,81
20230520,11001,80
20230523,11001,91
20230528,11001,93
20230538,11001,94
20230543,11001,90
20230548,11001,82
20230555,11001,82
20230560,11001,84
20230565,11001,87
20230571,11001,97
20230576,11001,98
20230593,11001,94
20230600,11001,93
20230605,11001,103
20230610,11001,105
20230625,11001,105
20230629,11001,102
20230634,11001,108
20230639,11001,105
20230645,11001,98
20230650,11001,89
20230655,11001,97
20230660,11001,101
20230665,11001,104
20230866,11001,104
20230670,11001,112
20230870,11001,105
20230873,11001,109
20230881,11001,109
20230893,11001,103
20230901,11001,93
20230906,11001,94
20230914,11001,98
20230918,11001,95
20230922,11001,80
20230924,11001,79
20230928,11001,79
20230932,11001,87
20230938,11001,105
20230942,11001,102
20230946,11001,95
20230949,11001,90
20230954,11001,96
20230958,11001,101
20230966,11001,94
20230970,11001,91
20230973,11001,95
20230978,11001,97
20231014,11001,96
20231018,11001,93
20231023,11001,99
20231026,11001,96
20231029,11001,98
20240005,11001,0
20240010,11001,4
20240015,11001,6
20240020,11001,16
20240030,11001,22
20240035,11001,23
20240040,11001,31
20240041,11001,39
20240046,11001,46
20240051,11001,46
20240060,11001,52
20240065,11001,56
20240070,11001,71
20240075,11001,80
20240080,11001,81
20240085,11001,84
20240090,11001,92
20240095,11001,100
20240100,11001,104
20240105,11001,109
20240110,11001,113
20240119,11001,117
20240124,11001,120
20240129,11001,121
20240131,11001,132
20240136,11001,132
20240141,11001,135
20240150,11001,128
20240155,11001,126
20240160,11001,128
20240165,11001,124
20240170,11001,124
20240175,11001,125
20240177,11001,122
20240182,11001,141
20240198,11001,114
20240203,11001,120
20240210,11001,121
20240215,11001,128
20240220,11001,122
20240224,11001,112
20240229,11001,112
20240234,11001,128
20240240,11001,128
20240245,11001,128
20240250,11001,130
20240252,11001,127
20240257,11001,117
20240262,11001,121
20240266,11001,123
20240271,11001,124
20240276,11001,127
20240285,11001,124
20240290,11001,127
20240295,11001,130
20240300,11001,124
20240305,11001,128
20240310,11001,128
20240315,11001,106
20240320,11001,107
20240325,11001,109
20240329,11001,112
20240334,11001,112
20240339,11001,114
20240345,11001,105
20240350,11001,108
20240355,11001,116
20240360,11001,116
20240365,11001,104
20240370,11001,106
20240371,11001,105
20240376,11001,106
20240381,11001,112
20240388,11001,107
20240393,11001,106
20240398,11001,106
20240402,11001,114
20240407,11001,116
20240412,11001,122
20240420,11001,120
20240430,11001,122
20240440,11001,115
20240445,11001,119
20240455,11001,102
20240460,11001,107
20240465,11001,106
20240470,11001,106
20240485,11001,97
20240490,11001,102
20240493,11001,102
20240503,11001,96
20240509,11001,97
20240514,11001,80
20240519,11001,80
20240525,11001,81
20240530,11001,84
20240535,11001,80
20240537,11001,78
20240542,11001,74
20240547,11001,83
20240555,11001,91
20240565,11001,92
20240570,11001,107
20240575,11001,111
20240581,11001,118
20240586,11001,122
20240591,11001,121
20240600,11001,103
20240610,11001,103
20240615,11001,108
20240620,11001,106
20240625,11001,108
20240628,11001,111
20240633,11001,105
20240645,11001,111
20240650,11001,128
20240655,11001,122
20240660,11001,117
20240665,11001,119
20240670,11001,120
20241426,11001,118
20241430,11001,116
20241435,11001,117
20241439,11001,113
20241443,11001,126
20241447,11001,128
20241450,11001,123
20241454,11001,132
20241460,11001,122
20241463,11001,129
20241466,11001,130
20241475,11001,134
20241479,11001,136
20241486,11001,133
20241489,11001,131
20241494,11001,136
20241529,11001,116
20241514,11001,115
20241516,11001,117
20241519,11001,111
20241524,11001,116
20241534,11001,110
20241536,11001,115
20241537,11001,114
20250005,11001,0
20250010,11001,2
20250014,11001,7
20250019,11001,12
20250024,11001,19
20250030,11001,30
20250035,11001,34
20250060,11001,38
20250065,11001,39
20250070,11001,46
20250074,11001,54
20250079,11001,56
20250084,11001,57
20250087,11001,64
20250092,11001,69
20250097,11001,69
20250120,11001,77
20250125,11001,81
20250130,11001,83
20250131,11001,82
20250136,11001,83
20250141,11001,83
20250148,11001,81
20250153,11001,80
20250158,11001,70
20250163,11001,66
20250168,11001,69
20250177,11001,76
20250182,11001,78
20250187,11001,91
20250193,11001,99
20250198,11001,98
20250203,11001,95
20250211,11001,104
20250794,11001,102
20250216,11001,102
20250222,11001,113
20250227,11001,108
20250232,11001,113
20250243,11001,113
20250804,11001,113
20250248,11001,118
20250253,11001,117
20250258,11001,116
20250263,11001,120
20250266,11001,118
20250271,11001,119
20250276,11001,120
20250282,11001,116
20250287,11001,113
20250292,11001,118
20250298,11001,119
20250303,11001,113
20250309,11001,117
20250314,11001,117
20250319,11001,108
20250324,11001,108
20250327,11001,104
20250332,11001,95
20250338,11001,106
20250344,11001,101
20250349,11001,87
20250354,11001,94
20250359,11001,99
20250364,11001,98
20250369,11001,106
20250371,11001,103
20250376,11001,104
20250381,11001,111
20250394,11001,110
20250399,11001,110
20250408,11001,103
20250413,11001,110
20250419,11001,113
20250424,11001,118
20250430,11001,116
20250435,11001,114
20250440,11001,103
20250445,11001,105
20250448,11001,111
20250453,11001,105
20250459,11001,105
20250464,11001,94
20250469,11001,104
20250474,11001,106
20250495,11001,66
20250498,11001,64
20250503,11001,63
20250508,11001,65
20250513,11001,69
20250518,11001,78
20250523,11001,82
20250528,11001,81
20250533,11001,80
20250538,11001,88
20250543,11001,89
20250548,11001,92
20250554,11001,93
20250559,11001,93
20250564,11001,94
20250569,11001,97
20250574,11001,99
20250585,11001,95
20250586,11001,110
20250596,11001,113
20250604,11001,117
20250609,11001,119
20250615,11001,127
20250617,11001,133
20250622,11001,133
20250627,11001,135
20250633,11001,142
20250638,11001,144
20250643,11001,143
20250649,11001,123
20250654,11001,121
20250659,11001,122
20250662,11001,123
20250667,11001,115
20250672,11001,122
20250861,11001,117
20250864,11001,125
20250870,11001,128
20250874,11001,127
20250878,11001,127
20250881,11001,119
20250889,11001,101
20250891,11001,105
20250901,11001,103
20250905,11001,105
20250910,11001,101
20250915,11001,98
20250919,11001,102
20250922,11001,105
20250926,11001,104
20250930,11001,101
20250934,11001,100
20250937,11001,100
20250941,11001,101
20250947,11001,102
20250990,11001,101
20250956,11001,101
20250981,11001,103
20250994,11001,98
20230004,12001,0
20230009,12001,10
20230029,12001,19
20230034,12001,26
20230039,12001,33
20230045,12001,36
20230050,12001,36
20230055,12001,37
20230059,12001,46
20230064,12001,53
20230069,12001,55
20230073,12001,66
20230078,12001,69
20230083,12001,74
20230086,12001,79
20230091,12001,85
20230096,12001,86
20230102,12001,87
20230107,12001,87
20230112,12001,89
20230118,12001,89
20230123,12001,98
20230128,12001,100
20230132,12001,90
20230137,12001,92
20230142,12001,95
20230158,12001,97
20230162,12001,84
20230167,12001,85
20230172,12001,91
20230179,12001,92
20230184,12001,93
20230189,12001,84
20230191,12001,77
20230196,12001,77
20230201,12001,80
20230207,12001,82
20230212,12001,82
20230217,12001,77
20230223,12001,77
20230228,12001,77
20230233,12001,80
20230238,12001,82
20230243,12001,84
20230248,12001,89
20230254,12001,82
20230259,12001,83
20230268,12001,73
20230273,12001,71
20230278,12001,81
20230285,12001,86
20230290,12001,89
20230295,12001,90
20230297,12001,93
20230302,12001,90
20230307,12001,91
20230313,12001,94
20230318,12001,93
20230323,12001,107
20230328,12001,103
20230333,12001,106
20230338,12001,105
20230342,12001,105
20230347,12001,102
20230352,12001,110
20230359,12001,111
20230364,12001,118
20230373,12001,108
20230378,12001,105
20230388,12001,108
20230393,12001,110
20230398,12001,117
20230406,12001,103
20230411,12001,109
20230417,12001,112
20230422,12001,113
20230427,12001,106
20230432,12001,102
20230437,12001,101
20230442,12001,105
20230448,12001,73
20230453,12001,72
20230458,12001,72
20230463,12001,69
20230468,12001,72
20230473,12001,76
20230480,12001,81
20230485,12001,86
20230490,12001,92
20230492,12001,86
20230497,12001,89
20230502,12001,90
20230506,12001,93
20230511,12001,91
20230516,12001,88
20230524,12001,89
20230529,12001,95
20230538,12001,101
20230543,12001,99
20230548,12001,94
20230551,12001,97
20230556,12001,98
20230561,12001,102
20230569,12001,111
20230574,12001,116
20230579,12001,121
20230584,12001,114
20230594,12001,112
20230599,12001,112
20230604,12001,110
20230609,12001,109
20230623,12001,92
20230627,12001,91
20230632,12001,91
20230637,12001,88
20230642,12001,80
20230647,12001,81
20230652,12001,85
20230658,12001,82
20230663,12001,87
20230668,12001,94
20230868,12001,93
20230873,12001,93
20230875,12001,99
20230888,12001,89
20230892,12001,89
20230999,12001,94
20230979,12001,91
20230903,12001,96
20230910,12001,94
20230913,12001,95
20230917,12001,96
20230925,12001,90
20231006,12001,90
20230941,12001,84
20231004,12001,89
20230950,12001,93
20230952,12001,94
20230955,12001,94
20230959,12001,99
20230986,12001,99
20230965,12001,97
20230968,12001,110
20230975,12001,96
20240003,12001,0
20240008,12001,2
20240013,12001,10
20240018,12001,15
20240023,12001,23
20240028,12001,31
20240033,12001,33
20240038,12001,38
20240043,12001,41
20240048,12001,50
20240053,12001,50
20240056,12001,53
20240061,12001,60
20240066,12001,64
20240075,12001,71
20240080,12001,75
20240085,12001,77
20240088,12001,84
20240093,12001,91
20240098,12001,99
20240102,12001,100
20240107,12001,103
20240112,12001,108
20240120,12001,111
20240130,12001,114
20241399,12001,114
20240133,12001,126
20240138,12001,126
20240143,12001,132
20240148,12001,136
20240153,12001,130
20240158,12001,127
20240163,12001,126
20240168,12001,134
20240173,12001,135
20240178,12001,135
20240183,12001,137
20240198,12001,121
20240203,12001,125
20240206,12001,127
20240216,12001,120
20241404,12001,120
20240223,12001,112
20240233,12001,118
20240238,12001,115
20240243,12001,114
20240248,12001,117
20240254,12001,123
20240259,12001,115
20240264,12001,116
20240268,12001,117
20240273,12001,116
20240281,12001,104
20240286,12001,110
20240291,12001,116
20240299,12001,106
20240304,12001,113
20240309,12001,105
20240313,12001,109
20240318,12001,111
20240323,12001,113
20240328,12001,113
20240333,12001,116
20240338,12001,112
20240345,12001,121
20240350,12001,119
20240355,12001,129
20240358,12001,125
20240363,12001,126
20240368,12001,126
20240372,12001,117
20240377,12001,113
20240382,12001,118
20240386,12001,118
20240396,12001,111
20241410,12001,111
20240403,12001,107
20240408,12001,113
20240413,12001,117
20240417,12001,120
20240427,12001,118
20241418,12001,118
20240433,12001,113
20240438,12001,108
20240443,12001,111
20240454,12001,90
20240459,12001,97
20240464,12001,93
20240469,12001,88
20240477,12001,90
20240482,12001,93
20240487,12001,102
20240493,12001,109
20240503,12001,104
20240512,12001,97
20240517,12001,102
20240524,12001,100
20240529,12001,100
20240534,12001,87
20240539,12001,86
20240544,12001,86
20240549,12001,93
20240555,12001,95
20240565,12001,98
20240569,12001,103
20240574,12001,103
20240579,12001,115
20240583,12001,116
20240588,12001,119
20240593,12001,118
20240599,12001,114
20240604,12001,116
20240609,12001,117
20240613,12001,118
20240618,12001,109
20240623,12001,98
20240627,12001,97
20240632,12001,98
20240637,12001,103
20240643,12001,106
20240648,12001,112
20240653,12001,116
20240656,12001,113
20240661,12001,109
20240666,12001,117
20241424,12001,121
20241427,12001,120
20241438,12001,104
20241442,12001,108
20241447,12001,119
20241449,12001,116
20241460,12001,107
20241463,12001,111
20241466,12001,113
20241471,12001,120
20241481,12001,115
20241483,12001,119
20241487,12001,118
20241492,12001,122
20241499,12001,127
20241504,12001,125
20241510,12001,108
20241517,12001,110
20241520,12001,110
20250004,12001,0
20250009,12001,3
20250013,12001,8
20250018,12001,16
20250023,12001,18
20250029,12001,22
20250034,12001,24
20250039,12001,25
20250048,12001,29
20250053,12001,38
20250057,12001,39
20250067,12001,40
20250074,12001,40
20250079,12001,42
20250084,12001,46
20250088,12001,46
20250098,12001,51
20250105,12001,57
20250110,12001,57
20250115,12001,60
20250119,12001,64
20250124,12001,67
20250129,12001,74
20250134,12001,76
20250139,12001,79
20250144,12001,83
20250150,12001,80
20250155,12001,80
20250160,12001,77
20250161,12001,77
20250166,12001,76
20250171,12001,83
20250179,12001,86
20250184,12001,80
20250189,12001,88
20250193,12001,92
20250198,12001,94
20250203,12001,97
20250214,12001,93
20250219,12001,98
20250793,12001,98
20250223,12001,94
20250228,12001,91
20250233,12001,94
20250241,12001,91
20250803,12001,91
20250246,12001,105
20250254,12001,96
20250259,12001,95
20250264,12001,97
20250269,12001,90
20250274,12001,93
20250279,12001,98
20250284,12001,96
20250289,12001,95
20250294,12001,98
20250299,12001,106
20250304,12001,102
20250310,12001,104
20250315,12001,95
20250320,12001,91
20250325,12001,92
20250328,12001,96
20250333,12001,104
20250339,12001,107
20250342,12001,104
20250347,12001,112
20250352,12001,115
20250363,12001,116
20250368,12001,126
20250374,12001,124
20250379,12001,126
20250384,12001,129
20250394,12001,123
20250399,12001,129
20250404,12001,112
20250414,12001,116
20250418,12001,117
20250423,12001,124
20250429,12001,117
20250433,12001,114
20250438,12001,114
20250443,12001,118
20250446,12001,123
20250451,12001,125
20250457,12001,120
20250462,12001,114
20250467,12001,113
20250472,12001,122
20250484,12001,78
20250489,12001,75
20250494,12001,80
20250498,12001,73
20250503,12001,79
20250508,12001,87
20250514,12001,87
20250519,12001,95
20250524,12001,92
20250526,12001,82
20250531,12001,79
20250536,12001,79
20250543,12001,76
20250548,12001,75
20250554,12001,75
20250560,12001,69
20250565,12001,67
20250570,12001,71
20250573,12001,75
20250578,12001,70
20250584,12001,69
20250589,12001,78
20250605,12001,80
20250610,12001,83
20250611,12001,86
20250618,12001,86
20250623,12001,91
20250628,12001,94
20250631,12001,89
20250636,12001,94
20250641,12001,93
20250648,12001,88
20250653,12001,87
20250658,12001,94
20250664,12001,93
20250669,12001,93
20250674,12001,101
20250861,12001,99
20250863,12001,102
20250867,12001,110
20250883,12001,96
20250890,12001,95
20250899,12001,99
20250904,12001,104
20250907,12001,100
20250917,12001,100
20250973,12001,100
20250925,12001,95
20250929,12001,98
20250932,12001,87
20250939,12001,91
20250942,12001,96
20250956,12001,82
20250983,12001,79
20250985,12001,83
